SMILES,CO2,CO2_std,CH4,CH4_std,alpha_CO2_CH4,alpha_CO2_CH4_std,k_CO2_CH4_2019,k_CO2_CH4_2008,ROMol,calc_SA_score
*Oc1cc2c(cc1O*)C1(C)c3cc4c(cc3C2(C)c2cc3ccc(C(F)(F)F)cc3cc21)Oc1c(C#N)c(*)c(*)c(CN)c1O4,4.28553346,0.59466641,3.04180631,0.71568329,1.24372715,0.93050025,3.02865183,2.86965854,<rdkit.Chem.rdchem.Mol object at 0x0000024CEF749F90>,6.2333599512853946
*Oc1cc2c(cc1O*)[C@]1(C)c3cc4c(cc3C2(C)c2cc3ccccc3cc21)Oc1c(C#N)c(*)c(*)c(CN)c1O4,3.96180399,0.57043798,2.6078205,0.68643068,1.35398348,0.89251698,3.00407485,2.85709192,<rdkit.Chem.rdchem.Mol object at 0x0000024CEF749F20>,6.153652792748264
*Oc1cc2c(cc1O*)C1(C)c3cc4c(cc3C2(C)c2cc3cc(C(F)(F)F)cc(C(F)(F)F)c3cc21)Oc1c(C#N)c(*)c(*)c(CN)c1O4,4.35788752,0.60000473,3.17336308,0.72213947,1.18452444,0.93887758,2.9995846,2.83790697,<rdkit.Chem.rdchem.Mol object at 0x0000024CEF749EB0>,6.346696836986593
*Oc1cc2c(cc1O*)C1(C)c3cc4c(cc3C2(C)c2cc3cc(C)c(C)cc3cc21)Oc1c(C#N)c(*)c(*)c(CN)c1O4,4.20563051,0.60009025,2.98768353,0.72218857,1.21794699,0.93896999,2.9695921,2.8135632,<rdkit.Chem.rdchem.Mol object at 0x0000024CEF749E40>,6.250612666851734
*Oc1cc2c(cc1O*)C1(C)c3cc4c(cc3C2(C)c2cc3cc5c(cc3cc21)C(C)(C)CCC5(C)C)Oc5c(C#N)c(*)c(*)c(CN)c5O4,4.39468868,0.56540003,3.29773393,0.68032608,1.09695475,0.88460204,2.92734259,2.76429964,<rdkit.Chem.rdchem.Mol object at 0x0000024CEF749DD0>,6.393342029294285
*Oc1cc2c(cc1O*)C1(C)c3cc4c(cc3C2(C)c2cc3cc5c(cc3cc21)C(C)(C)CCC5(C)C)Oc5c(C#N)c(*)c(*)c(C#N)c5O4,4.38039394,0.42330371,3.28462425,0.50833798,1.09576968,0.66150853,2.92020376,2.75769114,<rdkit.Chem.rdchem.Mol object at 0x0000024CEF749D60>,6.3044886785789025
*Oc1cc2c(cc1O*)C1(C)c3cc4c(cc3C2(C)c2cc3ccc(C(F)(F)F)cc3cc21)Oc1c(C#N)c(*)c(*)c(C#N)c1S4,3.89527529,0.72691129,2.65595035,0.87664685,1.23932495,1.13881944,2.8617071,2.71719239,<rdkit.Chem.rdchem.Mol object at 0x0000024CEF749CF0>,6.301525711840629
*Oc1cc2c(cc1O*)C1(C)c3cc4c(cc3C2(C)c2cc3cc(C(F)(F)F)cc(C(F)(F)F)c3cc21)Oc1c(C#N)c(*)c(*)c(C#N)c1S4,3.99316914,0.72850715,2.8117862,0.87856554,1.18138294,1.14131506,2.84453788,2.69639131,<rdkit.Chem.rdchem.Mol object at 0x0000024CEF749C80>,6.410542232436214
*Oc1cc2c(cc1O*)C1(C)c3cc4c(cc3C2(C)c2cc3cc5c(cc3cc21)C(C)(C)CCC5(C)C)Oc5c(c(C(F)(F)F)c(*)c(*)c5C(F)(F)F)O4,4.00547015,0.68749848,2.85021728,0.82856526,1.15525286,1.07664969,2.82353118,2.67492824,<rdkit.Chem.rdchem.Mol object at 0x0000024CEF749C10>,6.29917176634234
*Oc1cc2c(cc1O*)[C@]1(C)c3cc4c(cc3C2(C)c2cc3ccccc3cc21)Oc1c(C#N)c(*)c(*)c(CN)c1S4,3.51941541,0.78859406,2.16276587,0.95138485,1.35664954,1.23572397,2.82248606,2.69191575,<rdkit.Chem.rdchem.Mol object at 0x0000024CEF749BA0>,6.231270534683747
*Oc1cc2c(cc1O*)[C@]1(C)c3cc4c(cc3C2(C)c2cc3ccccc3cc21)Oc1c(C#N)c(*)c(*)c(C#N)c1S4,3.53491071,0.71907507,2.18500067,0.86723273,1.34991004,1.12657071,2.82220035,2.69105516,<rdkit.Chem.rdchem.Mol object at 0x0000024CEF749B30>,6.226766068182507
*Oc1cc2c(cc1O*)C1(c3ccccc3-2)c2ccccc2-c2cc3c(cc21)Oc1c(C#N)c(*)c(*)c(CN)c1O3,4.02960179,0.59538168,2.90010658,0.71653099,1.12949521,0.93160936,2.80782436,2.65832613,<rdkit.Chem.rdchem.Mol object at 0x0000024CEF749AC0>,5.2113730812221135
*Oc1cc2c(cc1O*)C1c3cc4c(cc3C2c2cc3cc5c(cc3cc21)C(C)(C)CCC5(C)C)Oc5cc1c(cc5O4)C(=O)N(c4c(C)cc(-c5cc(C)c(N2C(=O)c3cc(*)c(*)cc3C2=O)c2ccccc52)c2ccccc42)CN(C#N)C(=O)C1=O,4.02000379,0.94755384,2.89243786,1.14385709,1.12756594,1.48535091,2.80189752,2.65275538,<rdkit.Chem.rdchem.Mol object at 0x0000024CEF749A50>,6.903074856984734
*Oc1cc2c(cc1O*)C1c3cc4c(cc3C2c2cc3cc5c(cc3cc21)C(C)(C)CCC5(C)C)Oc5cc1c(cc5O4)C(=O)N(c4c(C)cc(-c5cc(C)c(N2C(=O)c3cc(*)c(*)cc3C2=O)c2ccccc52)c2ccccc42)C(C)=C1,3.99275944,0.89741527,2.85681693,1.08282184,1.13594251,1.40636315,2.79892682,2.65079544,<rdkit.Chem.rdchem.Mol object at 0x0000024CEF7499E0>,6.593088182224063
*Oc1cc2c(cc1O*)C1(C)c3cc4c(cc3C2(C)c2cc3cc(C)c(C)cc3cc21)Oc1c(C#N)c(*)c(*)c(C#N)c1S4,3.79556383,0.73854065,2.57897982,0.89066235,1.21658402,1.15703142,2.79743635,2.65662094,<rdkit.Chem.rdchem.Mol object at 0x0000024CEF749970>,6.3214411524286565
*Oc1cc2c(cc1O*)C1(C)c3cc4c(cc3C2(C)c2cc3cc(C)c(C)cc3cc21)Oc1c(C#N)c(*)c(*)c(CN)c1S4,3.76023821,0.8048322,2.52902565,0.97094445,1.23121256,1.26114551,2.79735178,2.65784694,<rdkit.Chem.rdchem.Mol object at 0x0000024CEF749900>,6.325804854351734
*Oc1cc2c(cc1O*)C1(C)c3cc4c(cc3C2(C)c2cc3cc5c(cc3cc21)C(C)(C)CCC5(C)C)Oc5cc1c(cc5O4)C(=O)N(c4c(C)cc(-c5cc(C)c(N2C(=O)c3cc(*)c(*)cc3C2=O)c2ccccc52)c2ccccc42)C1=O,3.7241064,0.68062171,2.48347688,0.81932165,1.24062952,1.06514501,2.79171984,2.65355549,<rdkit.Chem.rdchem.Mol object at 0x0000024CEF749890>,6.713592234098293
*Oc1cc2c(cc1O*)C1c3cc4c(cc3C2c2cc3cc5c(cc3cc21)C(C)(C)CCC5(C)C)Oc5cc1c(cc5O4)C(=O)N(c4c(C)cc(-c5cc(C)c(N2C(=O)c3cc(*)c(*)cc3C2=O)c2ccccc52)c2ccccc42)C1=O,4.13561008,0.76683864,3.06770975,0.92402805,1.06790033,1.20077864,2.79038193,2.63695079,<rdkit.Chem.rdchem.Mol object at 0x0000024CEF749820>,6.572334528618638
*Oc1cc2c(cc1O*)C1c3cc4c(cc3C2c2cc3cc5c(cc3cc21)C(C)(C)CCC5(C)C)Oc5cc1c(cc5O4)C(=O)N(c4c(C)cc(-c5cc(C)c(N2C(=O)c3cc(*)c(*)cc3C2=O)c2ccccc52)c2ccccc42)C1=*,4.13786583,0.85184899,3.07263797,1.02735943,1.06522787,1.33458386,2.78864898,2.63513416,<rdkit.Chem.rdchem.Mol object at 0x0000024CEF7497B0>,6.6659719960968555
*Oc1cc2c(cc1O*)C1c3cc4c(cc3C2c2cc3cc5c(cc3cc21)C(C)(C)CCC5(C)C)Oc5cc1c(cc5O4)C(=O)N(c4c(C)cc(-c5cc(C)c(N2C(=O)c3cc(*)c(*)cc3C2=O)c2ccccc52)c2ccccc42)C1(C)C,4.00045011,0.89495477,2.88454877,1.07988925,1.11590134,1.40253514,2.78208881,2.63367211,<rdkit.Chem.rdchem.Mol object at 0x0000024CEF7492E0>,6.664512269230321
*Oc1cc2c(cc1O*)C1(C(C)C)c3cc4c(cc3C2(C(C)C)c2cc3cc5c(cc3cc21)C(C)(C)CCC5(C)C)Oc5c(C#N)c(*)c(*)c(C#N)c5O4,4.25565942,0.60204742,3.24639868,0.72476808,1.00926074,0.94220479,2.78174289,2.62385792,<rdkit.Chem.rdchem.Mol object at 0x0000024CEF7494A0>,6.434089651742036
*Oc1cc2c(cc1O*)C1(c3cc4c(cc3-c3cc5c(cc31)C(C)(C)CCC5(C)C)Oc5c(C#N)c(*)c(*)c(C#N)c5O4)c4ccccc42,4.36454629,0.54433118,3.40502093,0.65457957,0.95952536,0.85133474,2.77735889,2.61543423,<rdkit.Chem.rdchem.Mol object at 0x0000024CEF749510>,5.495665700382628
*Oc1cc2c(cc1O*)C1(c3cc(C)ccc3-c3cc4c(cc31)Oc1c(C#N)c(*)c(*)c(C#N)c1O4)c4cc(C)c(C)cc4-c4cc1c(cc42)Oc2cc4c(cc2O1)C1(c2cc3c(cc2C4c4cc2ccccc2cc41)C1(C)CC1(C)C)c1cc(C)ccc1-c1cc4c(cc13)Oc3c(C#N)c(*)c(C)c3c4,4.08672905,0.97195215,3.01396344,1.17377485,1.0727656,1.52395485,2.77488825,2.6232706,<rdkit.Chem.rdchem.Mol object at 0x0000024CEF749270>,7.948132118918708
*Oc1cc2c(cc1O*)C1(C)c3cc4c(cc3C2(C)c2cc3cc5c(cc3cc21)C(C)(C)CCC5(C)C)Oc5c(c(C(F)(F)F)c(*)c(*)c5C(=O)O)O4,3.3614534,0.75865158,1.98929435,0.9146014,1.37215906,1.18829624,2.7722044,2.64749448,<rdkit.Chem.rdchem.Mol object at 0x0000024CEF749200>,6.397442848927284
*Oc1cc2c(cc1O*)C1(C)c3cc4cc5c(cc4cc3C2(C)c2cc3oc4cc6c(=O)n(-c7c(C)cc(-c8cc(S)c(N9C(=O)c%10cc(*)c(*)cc%10C9=O)c9ccccc89)c9ccccc79)c(=O)c6cc4oc3cc21)C(C)(C)CCC5(C)C,3.65792651,0.77766842,2.41117749,0.93734031,1.24674902,1.21793884,2.77027541,2.63456634,<rdkit.Chem.rdchem.Mol object at 0x0000024CEF7495F0>,6.839358757360672
*Oc1cc2c(cc1O*)C1c3cc4c(cc3C2c2cc3cc5c(cc3cc21)C(C)(C)CCC5(C)C)Oc5cc1c(cc5O4)C(=O)N(c4c(C)cc(-c5cc(C)c(N2C(=O)c3cc(*)c(*)cc3C2=O)c2ccccc52)c2ccccc42)C1[Ca],4.07699667,0.91215985,3.00513635,1.10079395,1.07186032,1.42960936,2.76992943,2.61867286,<rdkit.Chem.rdchem.Mol object at 0x0000024CEF79D0B0>,6.901388558613325
*Oc1cc2c(cc1O*)C1(C)c3cc4c(cc3C2(C)c2cc3cc5c(cc3cc21)C(C)(C)CCC5(C)C)Oc5c(c(C(F)(F)F)c(*)c(*)c5C(=O)c5ccccc5)O4,3.34025043,0.79909149,1.9642396,0.96362265,1.37601083,1.25184497,2.76722513,2.64330184,<rdkit.Chem.rdchem.Mol object at 0x0000024CEF79D040>,6.314844445584797
*Oc1cc2c(cc1O*)C1c3cc4c(cc3C2c2cc3cc5c(cc3cc21)C(C)(C)CCC5(C)C)Oc5c(C#N)c(*)c(*)c(C#N)c5O4,4.75767881,0.57789949,3.97206675,0.69537493,0.78561207,0.90416487,2.76718529,2.59067541,<rdkit.Chem.rdchem.Mol object at 0x0000024CEF79D2E0>,6.119803248813823
*c1c(C)cc(-c2cc(C)c(N3C(=O)c4cc5c(cc4C3=O)C3(C)CCC5(C)c5cc4c(cc53)C(=O)N(*)C4=O)c4ccccc24)c4ccccc14,3.75486473,0.47082899,2.55706489,0.56558816,1.19779984,0.73591433,2.761701,2.62239552,<rdkit.Chem.rdchem.Mol object at 0x0000024CF12C5CF0>,5.330266648594085
*Oc1cc2c(cc1O*)C1c3cc4c(cc3C2c2cc3cc5c(cc3cc21)C(C)(C)CCC5(C)C)Oc5c(C#N)c(*)c(*)c(CN)c5O4,4.60648416,0.66099352,3.76586146,0.79603397,0.8406227,1.03468957,2.75922335,2.58832279,<rdkit.Chem.rdchem.Mol object at 0x0000024CF12C5D60>,6.1365021021630115
*Oc1cc2c(cc1O*)C1c3cc4c(cc3C2c2cc3cc5c(cc3cc21)C(C)(C)CCC5(C)C)Oc5cc1c(cc5O4)C(=O)N(c4c(C)cc(-c5cc(C)c(N2C(=O)c3cc(*)c(*)cc3C2=O)c2ccccc52)c2ccccc42)C1(c1ccc(F)cc1)c1ccccc1,3.90578991,0.95855571,2.77389489,1.15712377,1.13189502,1.50258593,2.75865652,2.61375171,<rdkit.Chem.rdchem.Mol object at 0x0000024CF12C5C10>,7.0802235084123035
*Oc1cc2c(cc1O*)C1c3cc4c(cc3C2c2cc3cc5c(cc3cc21)C(C)(C)CCC5(C)C)Oc5cc1c(cc5O4)C(=O)N(c4c(C)cc(-c5cc(C)c(N2C(=O)c3cc(*)c(*)cc3C2=O)c2ccccc52)c2ccccc42)C(=O)C1,4.09623264,0.88438923,3.0457827,1.06700243,1.05044994,1.38587103,2.75653084,2.6045606,<rdkit.Chem.rdchem.Mol object at 0x0000024CF12C5BA0>,6.599316911745482
*Oc1cc2c(cc1O*)C1c3cc4c(cc3C2c2cc3cc5c(cc3cc21)C(C)(C)CCC5(C)C)Oc5cc1c(cc5O4)C(=O)N(c4c(C)cc(-c5cc(C)c(N2C(=O)c3cc(*)c(*)cc3C2=O)c2ccccc52)c2ccccc42)C(C)(C)CCC1(C)C,3.92363631,0.90401167,2.80135664,1.09089057,1.12227967,1.41678486,2.7564742,2.61090729,<rdkit.Chem.rdchem.Mol object at 0x0000024CF12C5430>,6.776343134896713
*Oc1cc2c(cc1O*)C1(C)c3cc4c(cc3C2(C)c2cc3cc5c(cc3cc21)C(C)(C)CCC5(C)C)Oc5c(c(C(F)(F)F)c(*)c(*)c5C(F)(F)C(F)(F)Br)O4,3.85242059,0.78122474,2.70054065,0.9423415,1.15187994,1.22405865,2.75641312,2.61348832,<rdkit.Chem.rdchem.Mol object at 0x0000024CF12C5DD0>,6.529656562148149
*Oc1cc2c(cc1O*)C1c3cc4c(cc3C2c2cc3cc5c(cc3cc21)C(C)(C)CCC5(C)C)Oc5cc1c(cc5O4)C(=O)N(c4c(C)cc(-c5cc(C)c(N2C(=O)c3cc(*)c(*)cc3C2=O)c2ccccc52)c2ccccc42)[As]1,3.99801853,0.92327366,2.90902671,1.11432861,1.08899182,1.44712215,2.75416654,2.60584005,<rdkit.Chem.rdchem.Mol object at 0x0000024CF12C59E0>,6.789441357706414
*Oc1cc2c(cc1O*)C1c3cc4c(cc3C2c2cc3cc5c(cc3cc21)C(C)(C)CCC5(C)C)Oc5cc1c(cc5O4)C(=O)N(c4c(C)cc(-c5cc(C)c(N2C(=O)c3cc(*)c(*)cc3C2=O)c2ccccc52)c2ccccc42)CC1=O,4.0469551,0.90168636,2.97863649,1.08807656,1.06831862,1.41313442,2.75387542,2.60373338,<rdkit.Chem.rdchem.Mol object at 0x0000024CF12C53C0>,6.614248351260324
*Oc1cc2c(cc1O*)C1(C(C)C)c3ccccc3C2(C(C)C)c2cc3c(cc21)Oc1c(C#N)c(*)c(*)c(CN)c1O3,3.7955871,0.69614068,2.62439892,0.8385042,1.17118818,1.08981702,2.75205021,2.61123393,<rdkit.Chem.rdchem.Mol object at 0x0000024CF12C50B0>,6.3108717875820926
*Oc1cc2c(cc1O*)C1c3cc4c(cc3C2c2cc3cc5c(cc3cc21)C(C)(C)CCC5(C)C)Oc5cc1c(cc5O4)C(=O)N(c4c(C)cc(-c5cc(C)c(N2C(=O)c3cc(*)c(*)cc3C2=O)c2ccccc52)c2ccccc42)C1=C=C=C,4.02564682,0.91909896,2.95082773,1.10926711,1.0748191,1.44056115,2.751501,2.6021495,<rdkit.Chem.rdchem.Mol object at 0x0000024CF116AB30>,6.815956022417377
*Oc1cc2c(cc1O*)C1c3cc4c(cc3C2c2cc3cc5c(cc3cc21)C(C)(C)CCC5(C)C)Oc5cc1c(cc5O4)C(=O)N(c4c(C)cc(-c5cc(C)c(N2C(=O)c3cc(*)c(*)cc3C2=O)c2ccccc52)c2ccccc42)CC1(*)C,4.01660323,0.92534606,2.93829135,1.11682893,1.07831188,1.45036968,2.75122712,2.60221114,<rdkit.Chem.rdchem.Mol object at 0x0000024CF116ABA0>,6.998561878360828
*Oc1cc2c(cc1O*)C1(C)c3cc4c(cc3C2(C)c2cc3cc5c(cc3cc21)C(C)(C)CCC5(C)C)Oc5c(C#N)c(*)c(*)c(C#N)c5S4,3.96215632,0.71894258,2.86507015,0.8670787,1.09708617,1.12636757,2.74732428,2.60032828,<rdkit.Chem.rdchem.Mol object at 0x0000024CF116AC10>,6.456300683140439
*Oc1cc2c(cc1O*)C1c3cc4c(cc3C2c2cc3cc5c(cc3cc21)C(C)(C)CCC5(C)C)Oc5cc1c(cc5O4)C(=O)N(c4c(C)cc(-c5cc(C)c(N2C(=O)c3cc(*)c(*)cc3C2=O)c2ccccc52)c2ccccc42)C(C)(C)CC1(C)C,3.97019441,0.91090424,2.87900408,1.09930781,1.09119032,1.4276639,2.74477629,2.59748208,<rdkit.Chem.rdchem.Mol object at 0x0000024CF116AC80>,6.778440198338118
*Oc1cc2c(cc1O*)C1c3cc4c(cc3C2c2cc3cc5c(cc3cc21)C(C)(C)CCC5(C)C)Oc5cc1c(cc5O4)C(=O)N(c4c(C)cc(-c5cc(C)c(N2C(=O)c3cc(*)c(*)cc3C2=O)c2ccccc52)c2ccccc42)CC1=[Se],3.92897749,0.91195793,2.82125326,1.10056679,1.10772423,1.42930561,2.74414336,2.5983783,<rdkit.Chem.rdchem.Mol object at 0x0000024CF116ACF0>,6.743073052954993
*Oc1cc2c(cc1O*)C1c3cc4c(cc3C2c2cc3cc5c(cc3cc21)C(C)(C)CCC5(C)C)Oc5cc1c(cc5O4)C(=O)N(c4c(C)cc(-c5cc(C)c(N2C(=O)c3cc(*)c(*)cc3C2=O)c2ccccc52)c2ccccc42)[SH]1,4.0192781,0.92180721,2.94966856,1.11254967,1.06960954,1.4448167,2.74363887,2.59452365,<rdkit.Chem.rdchem.Mol object at 0x0000024CF116AD60>,6.804257329023232
*Oc1cc2c(cc1O*)C1c3cc4c(cc3C2c2cc3cc5c(cc3cc21)C(C)(C)CCC5(C)C)Oc5cc1c(cc5O4)C(=O)N(c4c(C)cc(-c5cc(C)c(N2C(=O)c3cc(*)c(*)cc3C2=O)c2ccccc52)c2ccccc42)C1,3.93138368,0.90799772,2.82971404,1.09572469,1.10166964,1.42305041,2.73909095,2.59323661,<rdkit.Chem.rdchem.Mol object at 0x0000024CF116ADD0>,6.565374116772428
*Oc1cc2c(cc1O*)C1(C)c3cc4cc5c(cc4cc3C2(C)c2cc3oc4cc6c(=O)n(-c7c(C)cc(-c8cc(S)c(N9C(=O)c%10cc(*)c(*)cc%10C9=O)c9ccccc89)c9ccccc79)c(=O)c6cc4oc3cc21)C(C)(C)CCC5,3.47616809,0.8798823,2.1850231,1.06158167,1.29114499,1.37882142,2.738969,2.61000316,<rdkit.Chem.rdchem.Mol object at 0x0000024CF116AE40>,6.848674441842501
*Oc1cc2c(cc1O*)C1c3cc4c(cc3C2c2cc3cc5c(cc3cc21)C(C)(C)CCC5(C)C)Oc5cc1c(cc5O4)C(=O)N(c4c(C)cc(-c5cc(C)c(N2C(=O)c3cc(*)c(*)cc3C2=O)c2ccccc52)c2ccccc42)C1[2H],3.98247991,0.92248798,2.9031017,1.11338152,1.07937822,1.44589158,2.7380811,2.5903311,<rdkit.Chem.rdchem.Mol object at 0x0000024CF116AEB0>,6.917037164059347
*Oc1cc2c(cc1O*)C1c3cc4c(cc3C2c2cc3cc5c(cc3cc21)C(C)(C)CCC5(C)C)Oc5cc1c(cc5O4)C(=O)N(c4c(C)cc(-c5cc(C)c(N2C(=O)c3cc(*)c(*)cc3C2=O)c2ccccc52)c2ccccc42)C1=C,4.01748419,0.87411165,2.95299114,1.05454395,1.06449305,1.36972046,2.73777522,2.58872656,<rdkit.Chem.rdchem.Mol object at 0x0000024CF116AF20>,6.586525090997436
*Oc1cc2c(cc1O*)C1(C(C)C)c3cc4c(cc3C2(C(C)C)c2cc3cc5c(cc3cc21)C(C)(C)CCC5(C)C)Oc5cc1c(cc5O4)C(=O)N(c4c(C)cc(-c5cc(C)c(N2C(=O)c3cc(*)c(*)cc3C2=O)c2ccccc52)c2ccccc42)C1,3.57004545,0.89976757,2.32292602,1.08575092,1.24711943,1.4101194,2.73404337,2.60159468,<rdkit.Chem.rdchem.Mol object at 0x0000024CF116AF90>,6.899734979818873
*Oc1cc2c(cc1O*)C1c3cc4c(cc3C2c2cc3cc5c(cc3cc21)C(C)(C)CCC5(C)C)Oc5cc1c(cc5O4)C(=O)N(c4c(C)cc(-c5cc(C)c(N2C(=O)c3cc(*)c(*)cc3C2=O)c2ccccc52)c2ccccc42)C1OC(C)(C)C,4.02179031,0.91876869,2.96336041,1.10881174,1.0584299,1.43999978,2.73350556,2.58429714,<rdkit.Chem.rdchem.Mol object at 0x0000024CF128F040>,6.965797497214557
*Oc1cc2c(cc1O*)C1c3cc4c(cc3C2c2cc3cc5c(cc3cc21)C(C)(C)CCC5(C)C)Oc5cc1c(cc5O4)C(=O)N(c4c(C)cc(-c5cc(C)c(N2C(=O)c3cc(*)c(*)cc3C2=O)c2ccccc52)c2ccccc42)[N+]1,3.94899964,0.92338507,2.86157931,1.11446839,1.08742033,1.44730086,2.73217868,2.58567079,<rdkit.Chem.rdchem.Mol object at 0x0000024CF128F0B0>,6.791207915724667
*Oc1cc2c(cc1O*)C1c3cc4c(cc3C2c2cc3cc5c(cc3cc21)C(C)(C)CCC5(C)C)Oc5cc1c(cc5O4)C(=O)N(c4c(C)cc(-c5cc(C)c(N2C(=O)c3cc(*)c(*)cc3C2=O)c2ccccc52)c2ccccc42)C1C,3.99755998,0.90245341,2.9335861,1.08899498,1.06397388,1.41433102,2.72895762,2.58064814,<rdkit.Chem.rdchem.Mol object at 0x0000024CF128F120>,6.779114962393714
*Oc1cc2c(cc1O*)C1c3cc4c(cc3C2c2cc3cc5c(cc3cc21)C(C)(C)CCC5(C)C)Oc5cc1c(cc5O4)C(=O)N(c4c(C)cc(-c5cc(C)c(N2C(=O)c3cc(*)c(*)cc3C2=O)c2ccccc52)c2ccccc42)C1*,3.95878574,0.90234718,2.880371,1.08886865,1.07841474,1.41416596,2.727249,2.58037805,<rdkit.Chem.rdchem.Mol object at 0x0000024CF128F190>,6.891969261036248
*Oc1cc2c(cc1O*)C1c3cc4c(cc3C2c2cc3cc5c(cc3cc21)C(C)(C)CCC5(C)C)Oc5cc1c(cc5O4)C(=O)N(c4c(C)cc(-c5cc(C)c(N2C(=O)c3cc(*)c(*)cc3C2=O)c2ccccc52)c2ccccc42)CC1,3.97246725,0.92908439,2.90000241,1.12139051,1.07246484,1.45626731,2.72699745,2.57961891,<rdkit.Chem.rdchem.Mol object at 0x0000024CF128F200>,6.588067598881827
*Oc1cc2c(cc1O*)C1c3cc4c(cc3C2c2cc3cc5c(cc3cc21)C(C)(C)CCC5(C)C)Oc5cc1c(cc5O4)C(=O)N(c4c(C)cc(-c5cc(C)c(N2C(=O)c3cc(*)c(*)cc3C2=O)c2ccccc52)c2ccccc42)C1=S,3.92470549,0.84885606,2.83261882,1.02376633,1.09208667,1.32990756,2.7267265,2.58111993,<rdkit.Chem.rdchem.Mol object at 0x0000024CF128F270>,6.687077557295125
*Oc1cc2c(cc1O*)C1c3cc4c(cc3C2c2cc3cc5c(cc3cc21)C(C)(C)CCC5(C)C)Oc5cc1c(cc5O4)C(=O)N(c4c(C)cc(-c5cc(C)c(N2C(=O)c3cc(*)c(*)cc3C2=O)c2ccccc52)c2ccccc42)C1(c1ccc(F)cc1Br)c1ccccc1,3.94494725,0.99951352,2.86154381,1.2069453,1.08340344,1.56708144,2.72647397,2.58011643,<rdkit.Chem.rdchem.Mol object at 0x0000024CF128F2E0>,7.203985586670306
*Oc1cc2c(cc1O*)C1c3cc4c(cc3C2c2cc3cc5c(cc3cc21)C(C)(C)CCC5(C)C)Oc5cc1c(cc5O4)C(=O)N(c4c(C)cc(-c5cc(C)c(N2C(=O)c3cc(*)c(*)cc3C2=O)c2ccccc52)c2ccccc42)C1=N,3.91242561,0.84945739,2.81567119,1.02450932,1.09675442,1.33086333,2.72627969,2.5811287,<rdkit.Chem.rdchem.Mol object at 0x0000024CF128F350>,6.704840194657762
*Oc1cc2c(cc1O*)C1c3cc4c(cc3C2c2cc3cc5c(cc3cc21)C(C)(C)CCC5(C)C)Oc5cc1c(cc5O4)C(=O)N(c4c(C)cc(-c5cc(C)c(N2C(=O)c3cc(*)c(*)cc3C2=O)c2ccccc52)c2ccccc42)c2ccccc2-c2ccccc21,3.90124439,0.86180254,2.80071679,1.0395413,1.10052759,1.35031468,2.72539588,2.58065971,<rdkit.Chem.rdchem.Mol object at 0x0000024CF128F3C0>,6.744475391930539
*Oc1cc2c(cc1O*)C1c3cc4c(cc3C2c2cc3cc5c(cc3cc21)C(C)(C)CCC5(C)C)Oc5cc1c(cc5O4)C(=O)N(c4c(C)cc(-c5cc(C)c(N2C(=O)c3cc(*)c(*)cc3C2=O)c2ccccc52)c2ccccc42)Oc2ccccc2-c2ccccc2-c2cc(-n4c(=O)c5cc3c(=O)n(*)c(=O)c3cc5c4=O)c(O)cc21,3.75070178,0.97534171,2.58754959,1.17759394,1.16315219,1.52905819,2.72531948,2.58616844,<rdkit.Chem.rdchem.Mol object at 0x0000024CF128F430>,6.529227394978889
*Oc1cc2c(cc1O*)C1c3cc4c(cc3C2c2cc3cc5c(cc3cc21)C(C)(C)CCC5(C)C)Oc5cc1c(cc5O4)C(=O)N(c4c(C)cc(-c5cc(C)c(N2C(=O)c3cc(*)c(*)cc3C2=O)c2ccccc52)c2cccnc42)C1=O,3.78542734,0.88409946,2.63695604,1.06665674,1.14847129,1.38541996,2.72510178,2.58466243,<rdkit.Chem.rdchem.Mol object at 0x0000024CF128F4A0>,6.701624215598158
*Oc1cc2c(cc1O*)C1(C)c3cc4c(cc3C2(C)c2cc3cc5c(cc3cc21)C(C)(C)CCC5(C)C)Oc5cc1c(cc5O4)C(=O)N(c4c(C)c(C)c(N5C(=O)c2cc(*)c(*)cc2C5=O)c(F)c4F)C1=O,3.58871661,0.75995367,2.35922968,0.9158083,1.22948692,1.19005649,2.72418739,2.591046,<rdkit.Chem.rdchem.Mol object at 0x0000024CF128F510>,6.652830874710292
*Oc1cc2c(cc1O*)C1c3cc4c(cc3C2c2cc3cc5c(cc3cc21)C(C)(C)CCC5(C)C)Oc5cc1c(cc5O4)C(=O)N(c4c(C)cc(-c5cc(C)c(N2C(=O)c3cc(*)c(*)cc3C2=O)c2ccccc52)c2ccccc42)C1(c1ccc(F)cc1)c1ccc(Br)cc1Br,3.76174115,1.00151018,2.60437378,1.20933377,1.15736737,1.57019451,2.72413256,2.58457196,<rdkit.Chem.rdchem.Mol object at 0x0000024CF128FF20>,7.263990858406215
*Oc1cc2c(cc1O*)C1c3cc4c(cc3C2c2cc3cc5c(cc3cc21)C(C)(C)CCC5(C)C)Oc5cc1c(cc5O4)C(=O)N(c4c(C)cc(-c5cc(C)c(N2C(=O)c3cc(*)c(*)cc3C2=O)c2ccccc52)c2ccccc42)C1(c1ccc(F)cc1)c1ccccc1C,3.76951492,0.97008802,2.61596037,1.17115845,1.15355455,1.52075076,2.72355751,2.58370851,<rdkit.Chem.rdchem.Mol object at 0x0000024CF128FEB0>,7.142640876165098
*Oc1cc2c(cc1O*)C1c3cc4c(cc3C2c2cc3cc5c(cc3cc21)C(C)(C)CCC5(C)C)Oc5cc1c(cc5O4)C(=O)N(c4c(C)cc(-c5cc(C)c(N2C(=O)c3cc(*)c(*)cc3C2=O)c2ccccc52)c2ccccc42)C1=[SH]C,3.96893589,0.86163525,2.89901766,1.03933491,1.06991823,1.35004902,2.72298002,2.5757325,<rdkit.Chem.rdchem.Mol object at 0x0000024CF128FCF0>,6.871054809016398
*Oc1cc2c(cc1O*)C1(C)c3cc4c(cc3C2(C)c2cc3cc5c(cc3cc21)C(C)(C)CCC5(C)C)Oc5c(c(C(F)(F)F)c(*)c(*)c5C(=O)c5ccc(C#N)cc5)O4,3.27422565,0.83266732,1.9150748,1.00450158,1.35915085,1.30474453,2.72286583,2.60139206,<rdkit.Chem.rdchem.Mol object at 0x0000024CF128FA50>,6.39644129854489
*Oc1cc2c(cc1O*)C1c3cc4c(cc3C2c2cc3cc5c(cc3cc21)C(C)(C)CCC5(C)C)Oc5cc1c(cc5O4)C(=O)N(c4c(C)cc(-c5cc(C)c(N2C(=O)c3cc(*)c(*)cc3C2=O)c2ccccc52)c2ccccc42)C1C=C,3.92703642,0.9308186,2.84028708,1.12350323,1.08674934,1.45900061,2.72236,2.57666695,<rdkit.Chem.rdchem.Mol object at 0x0000024CF128FB30>,6.90412663774503
*Oc1cc2c(cc1O*)C1c3cc4c(cc3C2c2cc3cc5c(cc3cc21)C(C)(C)CCC5(C)C)Oc5cc1c(cc5O4)C(=O)N(c4c(C)cc(-c5cc(C)c(N2C(=O)c3cc(*)c(*)cc3C2=O)c(C)c5)c(F)c4F)C1=O,3.97533104,0.88193446,2.90895778,1.06391766,1.06637326,1.38192952,2.72209864,2.57461386,<rdkit.Chem.rdchem.Mol object at 0x0000024CF128FAC0>,6.613442195036081
*Oc1cc2c(cc1O*)C1(CCC)c3cc4c(cc3C2(CCC)c2cc3ccccc3cc21)Oc1c(C#N)c(*)c(*)c(CN)c1O4,3.53650097,0.74141074,2.28735829,0.89392162,1.24914268,1.16137235,2.72209534,2.59089115,<rdkit.Chem.rdchem.Mol object at 0x0000024CF128F970>,6.148540677138489
*Oc1cc2c(cc1O*)C1(C(C)C)c3cc4c(cc3C2(C(C)C)c2cc3ccccc3cc21)Oc1cc2c(cc1O4)C(=O)N(c4c(C)cc(-c1cc(C)c(N3C(=O)c5cc(*)c(*)cc5C3=O)c3ccccc13)c3ccccc43)C2=O,3.44585579,0.70063441,2.16048484,0.84371497,1.28537095,1.09669664,2.72056989,2.59272864,<rdkit.Chem.rdchem.Mol object at 0x0000024CF128F900>,6.54716030516733
*Oc1cc2c(cc1O*)C1c3cc4c(cc3C2c2cc3cc5c(cc3cc21)C(C)(C)CCC5(C)C)Oc5cc1c(cc5O4)C(=O)N(c4c(C)cc(-c5cc(C)c(N2C(=O)c3cc(*)c(*)cc3C2=O)c2ccccc52)c2ccccc42)C(=O)C1*,4.00904407,0.8814026,2.95856621,1.06338557,1.05047785,1.38118044,2.72024471,2.57150917,<rdkit.Chem.rdchem.Mol object at 0x0000024CF128F660>,6.935219614062603
*Oc1cc2c(cc1O*)C1c3cc4c(cc3C2c2cc3cc5c(cc3cc21)C(C)(C)CCC5(C)C)Oc5cc1c(cc5O4)C(=O)N(c4c(C)cc(-c5cc(C)c(N2C(=O)c3cc(*)c(*)cc3C2=O)c2ccccc52)c2ccccc42)CC1C,4.11531085,0.91290358,3.10937854,1.10171762,1.00593231,1.43079511,2.71995928,2.56728125,<rdkit.Chem.rdchem.Mol object at 0x0000024CF12ADEB0>,6.830262660170698
*Oc1cc2c(cc1O*)C1c3cc4c(cc3C2c2cc3cc5c(cc3cc21)C(C)(C)CCC5(C)C)Oc5cc1c(cc5O4)C(=O)N(c4c(C)cc(-c5cc(C)c(N2C(=O)c3cc(*)c(*)cc3C2=O)c(C)c5)cc4C(F)(F)F)C1=O,4.03668424,0.8818848,3.00150052,1.06376719,1.03518372,1.38178198,2.7164627,2.56670172,<rdkit.Chem.rdchem.Mol object at 0x0000024CF12ADBA0>,6.637784177554635
*Oc1cc2c(cc1O*)C1c3cc4c(cc3C2c2cc3cc5c(cc3cc21)C(C)(C)CCC5(C)C)Oc5cc1c(cc5O4)C(=O)N(c4c(C)cc(-c5cc(C)c(N2C(=O)c3cc(*)c(*)cc3C2=O)c2ccccc52)c2ccccc42)C1[N+]=O,3.83832524,0.93048527,2.72148448,1.12310315,1.11684076,1.45847987,2.71550322,2.57310136,<rdkit.Chem.rdchem.Mol object at 0x0000024CF12ADC10>,6.9593636805412045
*Oc1cc2c(cc1O*)C1c3cc4c(cc3C2c2cc3cc5c(cc3cc21)C(C)(C)CCC5(C)C)Oc5cc1c(cc5O4)C(=O)N(c4c(C)cc(-c5cc(C)c(N2C(=O)c3cc(*)c(*)cc3C2=O)c2ccccc52)c2ccccc42)CN(C#N)C(=O)C1(*)OCc1ccccc1,3.75208682,1.0313692,2.59944406,1.24587388,1.15264276,1.61738188,2.71538692,2.5761845,<rdkit.Chem.rdchem.Mol object at 0x0000024CF12AD900>,7.455414449976331
*Oc1cc2c(cc1O*)C1c3cc4c(cc3C2c2cc3cc5c(cc3cc21)C(C)(C)CCC5(C)C)Oc5cc1c(cc5O4)C(=O)N(c4c(C)cc(-c5cc(C)c(N2C(=O)c3cc(*)c(*)cc3C2=O)c2ccccc52)c2ccccc42)CCC1=O,3.93770039,0.92186323,2.86428858,1.11261646,1.07341181,1.44490387,2.71346403,2.56737534,<rdkit.Chem.rdchem.Mol object at 0x0000024CF12AD820>,6.63995608546908
*c1c(C)cc(-c2cc(C)c(N3C(=O)c4cc5c(cc4C3=O)C3(C)CCC5(C)c5cc4c(cc53)C(=O)N(*)C4=O)c4ccccc24)cc1C,3.54755578,0.61253096,2.31185153,0.73742441,1.23570426,0.9586391,2.71326124,2.58164692,<rdkit.Chem.rdchem.Mol object at 0x0000024CF12AD6D0>,5.409003926480432
*Oc1cc2c(cc1O*)C1c3cc4c(cc3C2c2cc3cc5c(cc3cc21)C(C)(C)CCC5(C)C)Oc5cc1c(cc5O4)C(=O)N(c4c(C)cc(-c5cc(C)c(N2C(=O)c3cc(*)c(*)cc3C2=O)c2ccccc52)c2ccccc42)C1OC(C)=O,3.79344931,0.92768455,2.66027942,1.11962264,1.13316988,1.45401289,2.71314152,2.57240455,<rdkit.Chem.rdchem.Mol object at 0x0000024CF12AD660>,6.918584126403094
*Oc1cc2c(cc1O*)C1(C)c3cc4c(cc3C(C)C2c2cc3cc5c(cc3cc21)C(C)(C)CCC5(C)C)Oc5c(c(C(F)(F)F)c(*)c(*)c5C(F)(F)C(F)(F)C(F)(F)C(F)(F)C(F)(F)C(F)(F)C(F)(F)C(F)(F)F)O4,4.02012681,0.93103675,2.98212437,1.12414453,1.03800245,1.45963363,2.71238526,2.56323856,<rdkit.Chem.rdchem.Mol object at 0x0000024CF12AD580>,7.016603246181812
*Oc1cc2c(cc1O*)C1(C)c3cc4c(cc3C(C)C2c2cc3cc5c(cc3cc21)C(C)(C)CCC5(C)C)Oc5c(c(C(F)(F)F)c(*)c(*)c5C(F)(F)C(F)(F)C(F)(F)C(F)(F)C(F)(F)C(F)(F)C(F)(F)C(F)(F)C(F)(F)C(F)(F)F)O4,4.02012681,0.93103675,2.98212437,1.12414453,1.03800245,1.45963363,2.71238526,2.56323856,<rdkit.Chem.rdchem.Mol object at 0x0000024CF12AD5F0>,7.135911925021592
*Oc1cc2c(cc1O*)C1(C)c3cc4c(cc3C(C)C2c2cc3cc5c(cc3cc21)C(C)(C)CCC5(C)C)Oc5c(c(C(F)(F)F)c(*)c(*)c5C(F)(F)C(F)(F)C(F)(F)C(F)(F)C(F)(F)C(F)(F)C(F)(F)C(F)(F)C(F)(F)F)O4,4.02012681,0.93103675,2.98212437,1.12414453,1.03800245,1.45963363,2.71238526,2.56323856,<rdkit.Chem.rdchem.Mol object at 0x0000024CF12AD3C0>,7.074451729142572
*Oc1cc2c(cc1O*)C1(C)c3cc4c(cc3C(C)C2c2cc3cc5c(cc3cc21)C(C)(C)CCC5(C)C)Oc5c(c(C(F)(F)F)c(*)c(*)c5C(F)(F)C(F)(F)C(F)(F)C(F)(F)C(F)(F)C(F)(F)C(F)(F)C(F)(F)C(F)(F)C(F)(F)C(F)(F)C(F)(F)F)O4,4.02012681,0.93103675,2.98212437,1.12414453,1.03800245,1.45963363,2.71238526,2.56323856,<rdkit.Chem.rdchem.Mol object at 0x0000024CEF793040>,7.268619505133886
*Oc1cc2c(cc1O*)C1(C)c3cc4c(cc3C(C)C2c2cc3cc5c(cc3cc21)C(C)(C)CCC5(C)C)Oc5c(c(C(F)(F)F)c(*)c(*)c5C(F)(F)C(F)(F)C(F)(F)C(F)(F)C(F)(F)C(F)(F)C(F)(F)C(F)(F)C(F)(F)C(F)(F)C(F)(F)C(F)(F)C(F)(F)C(F)(F)C(F)(F)F)O4,4.02012681,0.93103675,2.98212437,1.12414453,1.03800245,1.45963363,2.71238526,2.56323856,<rdkit.Chem.rdchem.Mol object at 0x0000024CEF7930B0>,7.488918344301656
*Oc1cc2c(cc1O*)C1(C)c3cc4c(cc3C(C)C2c2cc3cc5c(cc3cc21)C(C)(C)CCC5(C)C)Oc5c(c(C(F)(F)F)c(*)c(*)c5C(F)(F)C(F)(F)C(F)(F)C(F)(F)C(F)(F)C(F)(F)C(F)(F)C(F)(F)C(F)(F)C(F)(F)C(F)(F)C(F)(F)C(F)(F)F)O4,4.02012681,0.93103675,2.98212437,1.12414453,1.03800245,1.45963363,2.71238526,2.56323856,<rdkit.Chem.rdchem.Mol object at 0x0000024CEF793120>,7.339413235846289
*Oc1cc2c(cc1O*)C1(C)c3cc4c(cc3C(C)C2c2cc3cc5c(cc3cc21)C(C)(C)CCC5(C)C)Oc5c(c(C(F)(F)F)c(*)c(*)c5C(F)(F)C(F)(F)C(F)(F)C(F)(F)C(F)(F)C(F)(F)C(F)(F)C(F)(F)C(F)(F)C(F)(F)C(F)(F)C(F)(F)C(F)(F)C(F)(F)C(F)(F)C(F)(F)C(F)(F)F)O4,4.02012681,0.93103675,2.98212437,1.12414453,1.03800245,1.45963363,2.71238526,2.56323856,<rdkit.Chem.rdchem.Mol object at 0x0000024CEF793190>,7.647911246862107
*Oc1cc2c(cc1O*)C1(C)c3cc4c(cc3C(C)C2c2cc3cc5c(cc3cc21)C(C)(C)CCC5(C)C)Oc5c(c(C(F)(F)F)c(*)c(*)c5C(F)(F)C(F)(F)C(F)(F)C(F)(F)C(F)(F)C(F)(F)C(F)(F)C(F)(F)C(F)(F)C(F)(F)C(F)(F)C(F)(F)C(F)(F)C(F)(F)C(F)(F)C(F)(F)C(F)(F)C(F)(F)C(F)(F)C(F)(F)C(F)(F)C(F)(F)C(F)(F)C(F)(F)C(F)(F)F)O4,4.02012681,0.93103675,2.98212437,1.12414453,1.03800245,1.45963363,2.71238526,2.56323856,<rdkit.Chem.rdchem.Mol object at 0x0000024CEF793200>,6.97745405585265
*Oc1cc2c(cc1O*)C1(C)c3cc4c(cc3C(C)C2c2cc3cc5c(cc3cc21)C(C)(C)CCC5(C)C)Oc5c(c(C(F)(F)F)c(*)c(*)c5C(F)(F)C(F)(F)C(F)(F)C(F)(F)C(F)(F)C(F)(F)C(F)(F)C(F)(F)C(F)(F)C(F)(F)C(F)(F)C(F)(F)C(F)(F)C(F)(F)C(F)(F)C(F)(F)F)O4,4.02012681,0.93103675,2.98212437,1.12414453,1.03800245,1.45963363,2.71238526,2.56323856,<rdkit.Chem.rdchem.Mol object at 0x0000024CEF793270>,7.567301238591749
*Oc1cc2c(cc1O*)C1(C)c3cc4c(cc3C(C)C2c2cc3cc5c(cc3cc21)C(C)(C)CCC5(C)C)Oc5c(c(C(F)(F)F)c(*)c(*)c5C(F)(F)C(F)(F)C(F)(F)C(F)(F)C(F)(F)C(F)(F)C(F)(F)C(F)(F)C(F)(F)C(F)(F)C(F)(F)C(F)(F)C(F)(F)C(F)(F)C(F)(F)C(F)(F)C(F)(F)C(F)(F)C(F)(F)F)O4,4.02012681,0.93103675,2.98212437,1.12414453,1.03800245,1.45963363,2.71238526,2.56323856,<rdkit.Chem.rdchem.Mol object at 0x0000024CEF7932E0>,7.8153110325419215
*Oc1cc2c(cc1O*)C1c3cc4c(cc3C2c2cc3cc5c(cc3cc21)C(C)(C)CCC5(C)C)Oc5cc1c(cc5O4)C(=O)N(c4c(C)cc(-c5cc(C)c(N2C(=O)c3cc(*)c(*)cc3C2=O)c2ccccc52)c2ccccc42)C1C(*)SO,3.76312546,0.96062325,2.61844292,1.15974152,1.14468254,1.50592079,2.71202429,2.57241234,<rdkit.Chem.rdchem.Mol object at 0x0000024CEF793350>,7.262455740124941
*Oc1cc2c(cc1O*)C1(C)c3cc4c(cc3C2(C)c2cc3cc5c(cc3cc21)C(C)(C)CCC5(C)C)Oc5c(c(C(F)(F)F)c(*)c(*)c5C(=O)c5ccccc5C(=O)O*)O4,3.02764555,0.87888549,1.57732728,1.06065814,1.45031827,1.37747428,2.71133265,2.599007,<rdkit.Chem.rdchem.Mol object at 0x0000024CEF7933C0>,6.605510568744999
*Oc1cc2c(cc1O*)C1c3cc4c(cc3C2c2cc3cc5c(cc3cc21)C(C)(C)CCC5(C)C)Oc5cc1c(cc5O4)C(=O)N(c4c(C)cc(-c5cc(C)c(N2C(=O)c3cc(*)c(*)cc3C2=O)c2ccccc52)c2ccccc42)[SH]1=O,3.86786615,0.93205553,2.76812285,1.12500688,1.09974329,1.46094764,2.71070954,2.56721171,<rdkit.Chem.rdchem.Mol object at 0x0000024CEF793430>,7.020578469812417
*Oc1cc2c(cc1O*)C1c3cc4c(cc3C2c2cc3cc5c(cc3cc21)C(C)(C)CCC5(C)C)Oc5cc1c(cc5O4)C(=O)N(c4c(C)cc(-c5cc(C)c(N2C(=O)c3cc(*)c(*)cc3C2=O)c2ccccc52)c2ccccc42)[SH]1C,3.86253986,0.93287536,2.76224906,1.12601288,1.1002908,1.46224534,2.70903865,2.56573842,<rdkit.Chem.rdchem.Mol object at 0x0000024CEF7934A0>,7.025642206076153
*Oc1cc2c(cc1O*)C1c3cc4c(cc3C2c2cc3cc5c(cc3cc21)C(C)(C)CCC5(C)C)Oc5cc1c(cc5O4)C(=O)N(c4c(C)cc(-c5cc(C)c(N2C(=O)c3cc(*)c(*)cc3C2=O)c2ccccc52)c2ccccc42)C1C=CC,3.91120105,0.94766061,2.83140411,1.14398323,1.07979694,1.48551616,2.70881217,2.56370662,<rdkit.Chem.rdchem.Mol object at 0x0000024CEF793510>,6.947762206928178
*Oc1cc2c(cc1O*)C1c3cc4c(cc3C2c2cc3cc5c(cc3cc21)C(C)(C)CCC5(C)C)Oc5cc1c(cc5O4)C(=O)N(c4c(C)cc(-c5cc(C)c(N2C(=O)c3cc(*)c(*)cc3C2=O)c2ccccc52)c2ccccc42)C1C(=O)OC,3.63551124,0.92768035,2.44105812,1.11961475,1.19445313,1.45400413,2.70864356,2.57376609,<rdkit.Chem.rdchem.Mol object at 0x0000024CEF793580>,6.910900073870261
*Oc1cc2c(cc1O*)C1c3cc4c(cc3C2c2cc3cc5c(cc3cc21)C(C)(C)CCC5(C)C)Oc5cc1c(cc5O4)C(=O)N(c4c(C)cc(-c5cc(C)c(N2C(=O)c3cc(*)c(*)cc3C2=O)c2ccccc52)c2ccccc42)C1=C(Cl)C(F)(F)C(*)(F)C([2H])(F)C(F)(F)F,3.72398967,1.01737452,2.56664968,1.22880565,1.15733999,1.59531008,2.70838169,2.57022167,<rdkit.Chem.rdchem.Mol object at 0x0000024CEF7935F0>,7.730052902658314
*Oc1cc2c(cc1O*)C1(C)c3cc4c(cc3C2(C)c2cc3ccccc3cc21)Oc1cc2c(cc1O4)C(=O)N(c4c(C)cc(C)c(N1C(=O)c3cc(*)c(*)cc3C1=O)c4C)CN(C#N)C(=O)C2*,3.30348451,0.96862408,1.97386938,1.16967295,1.32961513,1.51867292,2.70551643,2.58295716,<rdkit.Chem.rdchem.Mol object at 0x0000024CEF793660>,6.987194837415597
*Oc1cc2c(cc1O*)C1(C)c3cc4c(cc3C2(C)c2cc3cc5c(cc3cc21)C(C)(C)CCC5(C)C)Oc5c(c(C(=O)c1ccccc1)c(*)c(*)c5C(=O)c5ccccc5)O4,3.11384156,0.68990587,1.70529112,0.83107616,1.40855044,1.0801193,2.70546545,2.58994192,<rdkit.Chem.rdchem.Mol object at 0x0000024CEF7936D0>,6.0804399770453745
*Oc1cc2c(cc1O*)C1c3cc4c(cc3C2c2cc3cc5c(cc3cc21)C(C)(C)CCC5(C)C)Oc5cc1c(cc5O4)C(=O)N(c4c(C)cc(-c5cc(C)c(N2C(=O)c3cc(*)c(*)cc3C2=O)c2ccccc52)c2ccccc42)C(C)(C)C1,3.86831195,0.92519251,2.77523587,1.11664384,1.09307608,1.45012918,2.70422801,2.56071364,<rdkit.Chem.rdchem.Mol object at 0x0000024CEF793740>,6.6797977017464865
*Oc1cc2c(cc1O*)C1c3cc4c(cc3C2c2cc3cc5c(cc3cc21)C(C)(C)CCC5(C)C)Oc5cc1c(cc5O4)C(=O)N(c4c(C)c(C)c(N5C(=O)c2cc(*)c(*)cc2C5=O)c(C)c4)C1=O,3.94690782,0.84262319,2.88661771,1.01619303,1.06029011,1.32009929,2.70417722,2.55774694,<rdkit.Chem.rdchem.Mol object at 0x0000024CEF7937B0>,6.453286387374843
*Oc1cc2c(cc1O*)C1(C)c3cc4c(cc3C2(C)c2cc3cc5c(cc3cc21)C(C)(C)CCC5(C)C)Oc5cc1c(cc5O4)C(=O)N(c4c(C)cc(-c5cc(C)c(N2C(=O)c3cc(*)c(*)cc3C2=O)c(C)c5)cc4C(C)(C)C)C1,3.58113905,0.92680516,2.36887324,1.11864916,1.21226581,1.45270222,2.70381022,2.57094996,<rdkit.Chem.rdchem.Mol object at 0x0000024CEF793820>,6.760755436552803
*Oc1cc2c(cc1O*)C1(C)c3cc4c(cc3C(C)C2c2cc3cc5c(cc3cc21)C(C)(C)CCC5(C)C)Oc5c(c(C(F)(F)F)c(*)c(*)c5C(F)(F)C(F)(F)C(F)(F)C(F)(F)C(F)(F)C(F)(F)C(F)(F)C(F)(F)C(*)(F)C(F)(F)F)O4,3.90885341,0.95757953,2.83384217,1.15641403,1.07501125,1.50141665,2.70304869,2.55803023,<rdkit.Chem.rdchem.Mol object at 0x0000024CEF793890>,7.465825915567672
*Oc1cc2c(cc1O*)C1c3cc4c(cc3C2c2cc3cc5c(cc3cc21)C(C)(C)CCC5(C)C)Oc5cc1c(cc5O4)C(=O)N(c4c(C)cc(-c5cc(C)c(N2C(=O)c3cc(*)c(*)cc3C2=O)c2ccccc52)c2ccccc42)Oc2ccccc2-c2ccccc21,3.93787792,0.93403573,2.87582223,1.1274146,1.06205569,1.46406503,2.70218184,2.55608657,<rdkit.Chem.rdchem.Mol object at 0x0000024CEF793900>,7.250688046028532
*Oc1cc2c(cc1O*)C1c3cc4c(cc3C2c2cc3cc5c(cc3cc21)C(C)(C)CCC5(C)C)Oc5cc1c(cc5O4)C(=O)N(c4c(C)cc(-c5cc(C)c(N2C(=O)c3cc(*)c(*)cc3C2=O)c2ccccc52)c2ccccc42)C11CCC(C(C)CCC(C)C)CN(*)CC1=O,3.75424539,1.04745049,2.61604153,1.26541794,1.13820386,1.64269142,2.70184707,2.56256456,<rdkit.Chem.rdchem.Mol object at 0x0000024CEF793970>,6.6219022918244725
*Oc1cc2c(cc1O*)C1(c3cc4c(cc3-c3cc5c(cc31)C(C)(C)CCC5(C)C)Oc5c(c(C(F)(F)F)c(*)c(*)c5C(F)(F)F)O4)c4cc5c(cc4-2)C(C)(C)CCC5(C)c5ccccc5,3.78633978,0.83466056,2.66294609,1.00680625,1.12339369,1.30779091,2.7004042,2.559931,<rdkit.Chem.rdchem.Mol object at 0x0000024CEF7939E0>,6.053616707150523
*Oc1cc2c(cc1O*)C1c3cc4c(cc3C2c2cc3cc5c(cc3cc21)C(C)(C)CCC5(C)C)Oc5cc1c(cc5O4)C(=O)N(c4c(C)cc(-c5cc(C)c(N2C(=O)c3cc(*)c(*)cc3C2=O)c2ccccc52)c2ccccc42)C1C(=O)O,3.81354495,0.92989346,2.70325668,1.12232823,1.11028827,1.45750557,2.69862974,2.55714722,<rdkit.Chem.rdchem.Mol object at 0x0000024CEF793A50>,6.881950605414937
*Oc1cc2c(cc1O*)C1(C)c3cc4c(cc3C2(C)c2cc3cc5c(cc3cc21)C(C)(C)CCC5(C)C)Oc5cc1c(cc5O4)C(=O)N(c4c(C)c(C)c(N5C(=O)c2cc(*)c(*)cc2C5=O)c(F)c4)C1=O,3.53061811,0.813962,2.30295677,0.98143438,1.22766134,1.27504807,2.69816378,2.56717785,<rdkit.Chem.rdchem.Mol object at 0x0000024CEF793AC0>,6.640871886187173
*Oc1cc2c(cc1O*)C1(c3ccccc3-2)c2ccccc2-c2cc3c(cc21)Oc1cc2c(cc1O3)C(=O)N(c3c(C)cc(-c1cc(C)c(N4C(=O)c5cc(*)c(*)cc5C4=O)c4ccccc14)c4ccccc34)C2=O,3.69677402,0.67668845,2.53864374,0.81461434,1.15813028,1.05901076,2.69783666,2.56068634,<rdkit.Chem.rdchem.Mol object at 0x0000024CEF793B30>,5.640291282471431
*Oc1cc2c(cc1O*)C1(C)c3cc4c(cc3C2(C)c2cc3cc5c(cc3cc21)C(C)(C)CCC5(C)C)Oc5c(c(C(F)(F)F)c(*)c(*)c5C(F)(F)C(F)(F)C(F)(F)C(F)(F)C(F)(F)C(F)(F)C(F)(F)C(F)(F)C(F)(F)C(F)(F)C(F)(F)C(F)(F)C(F)(F)N(*)C)O4,3.67197015,0.87400202,2.5039676,1.05495225,1.16800254,1.36996488,2.69737811,2.56114801,<rdkit.Chem.rdchem.Mol object at 0x0000024CEF793BA0>,7.301475497891987
*Oc1cc2c(cc1O*)C1c3cc4c(cc3C2c2cc3cc5c(cc3cc21)C(C)(C)CCC5(C)C)Oc5cc1c(cc5O4)C(=O)N(c4c(C)cc(-c5cc(C)c(N2C(=O)c3cc(*)c(*)cc3C2=O)c2ccccc52)c2ccccc42)C11CCC(C(C)CCC(C)C)CN(*)C1,3.77709815,1.03702729,2.65319386,1.25272897,1.12390429,1.62627042,2.69706567,2.55693533,<rdkit.Chem.rdchem.Mol object at 0x0000024CEF793C10>,6.111654606339517
*Oc1cc2c(cc1O*)C1(C)c3cc4c(cc3C2(C)c2cc3cc(C(F)(F)F)cc(C(F)(F)F)c3cc21)Oc1c(C#N)c(*)c(*)c(C#N)c14,3.70974696,0.7776378,2.55944912,0.93795901,1.15029785,1.21839553,2.69540746,2.55777585,<rdkit.Chem.rdchem.Mol object at 0x0000024CEF793C80>,6.301826401095829
*Oc1cc2c(cc1O*)C1(C)c3cc4c(cc3C2(C)c2cc3cc(C(F)(F)F)cc(C(F)(F)F)c3cc21)Oc1c(C#N)c(*)c(*)c(CN)c14,3.6860842,0.84905055,2.52645811,1.02455844,1.15962609,1.33064151,2.69488016,2.55812644,<rdkit.Chem.rdchem.Mol object at 0x0000024CEF793CF0>,6.305844774089742
*Oc1cc2c(cc1O*)C1(C)c3cc4c(cc3C2(C)c2cc3ccccc3cc21)Oc1cc2c(cc1O4)C(=O)N(c4cc(C)cc(C(c1cc(C)cc(N3C(=O)c5cc(*)c(*)cc5C3=O)c1)(C(F)(F)F)C(F)(F)F)c4)C2=O,2.73021117,0.81865832,1.17531213,0.98708854,1.55489904,1.28239823,2.692032,2.59074116,<rdkit.Chem.rdchem.Mol object at 0x0000024CEF793D60>,6.614069240403967
*c1c(C)cc(-c2cc(C)c(N3C(=O)c4cc5c(cc4C3=O)C3(C)c4ccccc4C5(C)c5cc4c(cc53)C(=O)N(*)C4=O)c4ccccc24)c4ccccc14,3.48805615,0.46852484,2.24880793,0.56282745,1.23924822,0.73231842,2.69202361,2.56261673,<rdkit.Chem.rdchem.Mol object at 0x0000024CEF793DD0>,5.334660791651822
*Oc1cc2c(cc1O*)C1(C)c3cc4c(cc3C2(C)c2cc3cc5c(cc3cc21)C(C)(C)CCC5(C)C)Oc5cc1c(cc5O4)C(=O)N(c4ccc(C(c5ccc(N2C(=O)c3cc(*)c(*)cc3C2=O)cc5)(C(F)(F)F)C(F)(F)F)cc4)C1C,3.18624146,0.88113621,1.82144366,1.06310976,1.36479779,1.38079809,2.69186736,2.5736578,<rdkit.Chem.rdchem.Mol object at 0x0000024CEF793E40>,6.968014505188785
*c1cccc(C(c2cccc(-c3nc4cc(C(c5ccc6nc(-c7ccc(C(c8ccc(-c9nc%10cc(C(c%11ccc%12nc(*)oc%12c%11)(C(F)(F)F)C(F)(F)F)ccc%10o9)cc8)(C(F)(F)F)C(F)(F)F)cc7)oc6c5)(C(F)(F)F)C(F)(F)F)ccc4o3)c2)(C(F)(F)F)C(F)(F)C(F)(F)C(F)(F)C(F)(F)F)c1,2.77072111,0.59348959,1.23287921,0.71473247,1.5378419,0.9290169,2.69184724,2.58905349,<rdkit.Chem.rdchem.Mol object at 0x0000024CEF793EB0>,5.8559844308510085
*c1cccc(C(c2cccc(-c3nc4cc(C(c5ccc6nc(-c7ccc(C(c8ccc(-c9nc%10cc(C(c%11ccc%12nc(*)oc%12c%11)(C(F)(F)F)C(F)(F)F)ccc%10o9)cc8)(C(F)(F)F)C(F)(F)F)cc7)oc6c5)(C(F)(F)F)C(F)(F)F)ccc4o3)c2)(C(F)(F)F)C(F)(F)C(F)(F)C(F)(F)C(F)(F)C(F)(F)C(F)(F)F)c1,2.77072111,0.59348959,1.23287921,0.71473247,1.5378419,0.9290169,2.69184724,2.58905349,<rdkit.Chem.rdchem.Mol object at 0x0000024CEF793F20>,6.059244771335446
*Oc1cc2c(cc1O*)C1(C)c3cc4c(cc3C2(C)c2cc3ccccc3cc21)Oc1cc2c(cc1O4)S(=O)(=O)c4cc(*)c(*)cc42,2.96656225,0.7760802,1.51471246,0.93581488,1.45184978,1.21575078,2.68742296,2.5773635,<rdkit.Chem.rdchem.Mol object at 0x0000024CEF793F90>,6.153911070777092
*c1cccc(C(c2cccc(-c3nc4cc(C(c5ccc6nc(-c7ccc(C(c8ccc(-c9nc%10cc(C(c%11ccc%12nc(*)oc%12c%11)(C(F)(F)F)C(F)(F)F)ccc%10o9)cc8)(C(F)(F)F)C(F)(F)F)cc7)oc6c5)(C(F)(F)F)C(F)(F)F)ccc4o3)c2)(C(F)(F)F)C(F)(F)C(F)(F)C(F)(F)C(F)(F)C(F)(F)C(F)(F)C(F)(F)CC(F)(F)F)c1,2.75441427,0.70313661,1.21475784,0.84770321,1.53965643,1.10136362,2.68686997,2.5846812,<rdkit.Chem.rdchem.Mol object at 0x0000024CEF792040>,6.407916051592865
*Oc1cc2c(cc1O*)C1(C)c3cc4c(cc3C2(C)c2cc3cc5c(cc3cc21)C(C)(C)CCC5(C)C)Oc5c(c(S(=O)(=O)c1ccccc1)c(*)c(*)c5S(=O)(=O)c5ccccc5)O4,3.21222475,0.74867632,1.86382609,0.90262578,1.34839865,1.17271033,2.68629026,2.56711672,<rdkit.Chem.rdchem.Mol object at 0x0000024CEF7920B0>,6.157728527058701
*Oc1cc2c(cc1O*)C1(C(C)C)c3cc4c(cc3C2(C(C)C)c2cc3ccccc3cc21)Oc1cc2c(cc1O4)C(=O)N(c4cc(C)cc(C(c1cc(C)cc(N3C(=O)c5cc(*)c(*)cc5C3=O)c1)(C(F)(F)F)C(F)(F)F)c4)C2,2.826333,0.95707443,1.32023085,1.1554219,1.50610215,1.50033038,2.68326985,2.57841289,<rdkit.Chem.rdchem.Mol object at 0x0000024CEF792120>,6.769835522305149
*Oc1cc2c(cc1O*)C1(C)c3cc4c(cc3C2(C)c2cc3ccccc3cc21)Oc1cc2c(cc1O4)S(=O)(=O)c4cc(*)c(*)cc4S2(=O)=O,2.85231007,0.73432913,1.35718906,0.8852255,1.49512101,1.15015801,2.68310816,2.57728745,<rdkit.Chem.rdchem.Mol object at 0x0000024CEF792190>,6.200157272078977
*Oc1cc2c(cc1O*)C1(C)c3ccccc3C2(C)c2cc3c(cc21)Oc1cc2c(cc1O3)C(=O)N(c3c(C)c(C)c(N1C(=O)c4cc(*)c(*)cc4C1=O)c(C)c3)C2=O,3.12562532,0.750756,1.74699242,0.90470128,1.3786329,1.17563557,2.68045585,2.56449515,<rdkit.Chem.rdchem.Mol object at 0x0000024CEF792200>,6.313143722699177
*Oc1cc2c(cc1O*)C1(C)c3cc4c(cc3C2(C)c2cc3cc(C)c(C)cc3cc21)Oc1c(C#N)c(*)c(OC)c2cn-2c(=O)c1c4,3.12178064,0.94651044,1.74583648,1.14296616,1.37594416,1.48399921,2.67616579,2.56034773,<rdkit.Chem.rdchem.Mol object at 0x0000024CEF792270>,6.212938144404704
*Oc1cc2c(cc1O*)C1(C(C)C)c3cc4c(cc3C2(C(C)C)c2cc3cc5c(cc3cc21)C(C)(C)CCC5(C)C)Oc5cc1c(cc5O4)C(=O)N(c4cc(C)cc(C(c5cc(C)cc(N2C(=O)c3cc(*)c(*)cc3C2=O)c5)(C(F)(F)F)C(F)(F)F)c4)C1,3.23351075,0.96387821,1.90677524,1.16369871,1.32673552,1.51104463,2.67349275,2.5535295,<rdkit.Chem.rdchem.Mol object at 0x0000024CEF7922E0>,7.06652642005056
*Oc1cc2c(cc1O*)C1(C)c3cc4c(cc3C2(C)c2cc3ccccc3cc21)Oc1cc2c(cc1O4)S(=O)(=O)c4cc(*)c(C(C)C)cc4-2,3.0575465,0.82479206,1.66241009,0.99493799,1.39513641,1.29235581,2.66860453,2.55516955,<rdkit.Chem.rdchem.Mol object at 0x0000024CEF792350>,5.9898208048036325
*Oc1cc2c(cc1O*)C1(C)c3cc4c(cc3C2(C)c2cc3ccccc3cc21)Oc1c(c(C(=O)c2cc(F)cc(F)c2)c(*)c(*)c1C(=O)c1cc(F)ccc1O)O4,2.7600201,0.84947474,1.24561075,1.02479187,1.51440934,1.33109193,2.66395771,2.56156097,<rdkit.Chem.rdchem.Mol object at 0x0000024CEF7923C0>,6.141796835363692
*Oc1cc2c(cc1O*)[C@]1(C)c3cc4c(cc3C2(C)c2cc3ccccc3cc21)Oc1c(C#N)c(*)c(*)c(C#N)c1C4=O,2.93448831,0.82312943,1.49299565,0.99325912,1.44149266,1.29000222,2.66370705,2.55483753,<rdkit.Chem.rdchem.Mol object at 0x0000024CEF792430>,6.096470458260159
*Oc1cc2c(cc1O*)C1c3ccccc3C2c2cc3c(cc21)Oc1cc2c(cc1O3)C(=O)N(c3ccc(C(c1ccc(N4C(=O)c5cc(*)c(*)cc5C4=O)cc1)(C(F)(F)F)C(F)(F)F)cc3Br)C2=O,2.84911836,0.81743222,1.37473133,0.98550362,1.47438704,1.28039557,2.66104483,2.55534254,<rdkit.Chem.rdchem.Mol object at 0x0000024CEF7924A0>,6.310182397770217
*Oc1cc2c(cc1O*)C1c3ccccc3C2c2cc3c(cc21)Oc1cc2c(cc1O3)C(=O)N(c3ccc(C(c1ccc(N4C(=O)c5cc(*)c(*)cc5C4=O)cc1)(C(F)(F)F)C(F)(F)F)cc3OC)C2=O,2.80938251,0.82731349,1.31934572,0.99760645,1.4900368,1.29601938,2.66014461,2.55591652,<rdkit.Chem.rdchem.Mol object at 0x0000024CEF792510>,6.291756736635378
*c1cccc(C(c2cccc(-c3nc4cc(C(c5ccc6nc(-c7ccc(C(c8ccc(-c9nc%10cc(C(c%11ccc%12nc(*)oc%12c%11)(C(F)(F)F)C(F)(F)F)ccc%10o9)cc8)(C(F)(F)F)C(F)(F)F)cc7)oc6c5)(C(F)(F)F)C(F)(F)F)ccc4o3)c2)(C(F)(F)F)C(F)(F)C(F)(F)C(F)(F)C(F)(F)C(F)(F)C(F)(F)C(F)(F)CCC(*)(F)C(F)(F)C(F)(F)C(F)(F)F)c1,2.65917695,0.76005979,1.10718367,0.91670288,1.55199328,1.19081277,2.65954048,2.56088501,<rdkit.Chem.rdchem.Mol object at 0x0000024CEF792580>,7.141149119390412
*c1cccc(C(c2cccc(-c3nc4cc(C(c5ccc6nc(-c7ccc(C(c8ccc(-c9nc%10cc(C(c%11ccc%12nc(*)oc%12c%11)(C(F)(F)F)C(F)(F)F)ccc%10o9)cc8)(C(F)(F)F)C(F)(F)F)cc7)oc6c5)(C(F)(F)F)C(F)(F)F)ccc4o3)c2)(C(F)(F)F)C(F)(F)C(F)(F)C(F)(F)C(F)(F)C(F)(F)C(F)(F)C(F)(F)CCC(*)(F)C(F)(F)C(F)(F)C(F)(F)C(F)(F)C(F)(F)F)c1,2.65917695,0.76005979,1.10718367,0.91670288,1.55199328,1.19081277,2.65954048,2.56088501,<rdkit.Chem.rdchem.Mol object at 0x0000024CEF7925F0>,7.35408383147105
*c1cccc(C(c2cccc(-c3nc4cc(C(c5ccc6nc(-c7ccc(C(c8ccc(-c9nc%10cc(C(c%11ccc%12nc(*)oc%12c%11)(C(F)(F)F)C(F)(F)F)ccc%10o9)cc8)(C(F)(F)F)C(F)(F)F)cc7)oc6c5)(C(F)(F)F)C(F)(F)F)ccc4o3)c2)(C(F)(F)F)C(F)(F)C(F)(F)C(F)(F)C(F)(F)C(F)(F)C(F)(F)C(F)(F)CCC(*)(F)C(F)(F)C(F)(F)C(F)(F)C(F)(F)C(F)(F)C(F)(F)C(F)(F)F)c1,2.65917695,0.76005979,1.10718367,0.91670288,1.55199328,1.19081277,2.65954048,2.56088501,<rdkit.Chem.rdchem.Mol object at 0x0000024CEF792660>,7.570559020192995
*c1cccc(C(c2cccc(-c3nc4cc(C(c5ccc6nc(-c7ccc(C(c8ccc(-c9nc%10cc(C(c%11ccc%12nc(*)oc%12c%11)(C(F)(F)F)C(F)(F)F)ccc%10o9)cc8)(C(F)(F)F)C(F)(F)F)cc7)oc6c5)(C(F)(F)F)C(F)(F)F)ccc4o3)c2)(C(F)(F)F)C(F)(F)C(F)(F)C(F)(F)C(F)(F)C(F)(F)C(F)(F)C(F)(F)CCC(*)(F)C(F)(F)C(F)(F)C(F)(F)C(F)(F)C(F)(F)C(F)(F)C(F)(F)C(F)(F)C(F)(F)C(F)(F)C(F)(F)C(F)(F)C(F)(F)C(F)(F)C(F)(F)C(F)(F)C(F)(F)F)c1,2.65917695,0.76005979,1.10718367,0.91670288,1.55199328,1.19081277,2.65954048,2.56088501,<rdkit.Chem.rdchem.Mol object at 0x0000024CEF7926D0>,7.641866416674532
*Oc1cc2c(cc1O*)C1(C)c3cc4c(cc3C2(C)c2cc3ccccc3cc21)Oc1c(c(C(=O)c2ccccc2)c(*)c(*)c1C(=O)c1ccccc1Br)O4,2.59824695,0.79345159,1.02517453,0.9568341,1.57307242,1.24301928,2.65524228,2.55884732,<rdkit.Chem.rdchem.Mol object at 0x0000024CEF792740>,5.960115757556759
*Oc1cc2c(cc1O*)C1(C)c3cc4c(cc3C2(C)c2cc3ccccc3cc21)Oc1cc2c(cc1O4)S(=O)(=O)c4cc(*)c(O)cc4-2,2.65291491,0.8087428,1.10618529,0.9753798,1.54672961,1.2670559,2.65166867,2.55324553,<rdkit.Chem.rdchem.Mol object at 0x0000024CEF7927B0>,5.985488571162876
*Oc1cc2c(cc1O*)C1(CCC)c3cc4c(cc3C2(CCC)c2cc3ccccc3cc21)Oc1c(c(C(F)(F)F)c(*)c(*)c1C(=O)OCCOCCOCCOC)O4,2.48417975,0.9577181,0.86890917,1.15644686,1.61527058,1.50153032,2.64993145,2.55776838,<rdkit.Chem.rdchem.Mol object at 0x0000024CEF792820>,6.232060493985824
*Oc1cc2c(cc1O*)C1(CCC)c3cc4c(cc3C2(CCC)c2cc3ccccc3cc21)Oc1c(c(C(F)(F)F)c(*)c(*)c1C(=O)OCCOCCOCCOCCOC)O4,2.48417975,0.9577181,0.86890917,1.15644686,1.61527058,1.50153032,2.64993145,2.55776838,<rdkit.Chem.rdchem.Mol object at 0x0000024CEF792890>,6.281223566175745
