SMILES,CO2,CO2_std,N2,N2_std,alpha_CO2_N2,alpha_CO2_N2_std,k_CO2_N2_2019,k_CO2_N2_2008,ROMol,calc_SA_score
*Oc1cc2c(cc1O*)C1(C)c3cc4c(cc3C2(C)c2cc3ccccc3cc21)Oc1cc2c(cc1O4)C(=O)N(c4c(C)cc(-c1cc(C)c(N3C(=O)c5cc(*)c(*)cc5C3=O)c3ccccc13)c3ccccc43)c3ccccc3-c3ccccc3-c3ccccc3C22c3ccccc3-c3cc(OC)c(-n4c(=O)c1cc5c(=O)n(*)c(=O)c5cc1c4=O)cc32,3.63750403,0.953309,2.10800592,1.0534042,1.52949811,1.42072462,2.59637805,2.78916576,<rdkit.Chem.rdchem.Mol object at 0x0000024CEF792900>,7.81378277217858
*Oc1cc2c(cc1O*)[C@]1(C)c3cc4c(cc3C2(C)c2cc3ccccc3cc21)Oc1c(C#N)c(*)c(*)c(CN)c1O4,3.96180399,0.57043798,2.54141495,0.63003224,1.42038904,0.84990594,2.58238615,2.79236176,<rdkit.Chem.rdchem.Mol object at 0x0000024CEF792970>,6.153652792748264
*Oc1cc2c(cc1O*)C1(C)c3cc4c(cc3C2(C)c2cc3cc(C)c(C)cc3cc21)Oc1c(C#N)c(*)c(*)c(CN)c1O4,4.20563051,0.60009025,2.86444503,0.66258163,1.34118548,0.89393665,2.57469691,2.79759533,<rdkit.Chem.rdchem.Mol object at 0x0000024CEF7929E0>,6.250612666851734
*Oc1cc2c(cc1O*)C1(C)c3cc4c(cc3C2(C)c2cc3ccccc3cc21)Oc1cc2c(cc1O4)C(=O)N(c4c(C)cc(-c1cc(C)c(N3C(=O)c5cc(*)c(*)cc5C3=O)c3ccccc13)c3ccccc43)c3ccccc3-c3ccccc3-c3ccccc3C22c3ccccc3-c3ccccc32,3.73966326,0.85481414,2.26227709,0.94524449,1.47738617,1.27443884,2.5742294,2.77243156,<rdkit.Chem.rdchem.Mol object at 0x0000024CEF792A50>,7.753345479013003
*Oc1cc2c(cc1O*)C1(C)c3cc4c(cc3C2(C)c2cc3ccc(C(F)(F)F)cc3cc21)Oc1c(C#N)c(*)c(*)c(CN)c1O4,4.28553346,0.59466641,2.97957533,0.65687707,1.30595813,0.88606751,2.56290509,2.79003837,<rdkit.Chem.rdchem.Mol object at 0x0000024CEF792AC0>,6.2333599512853946
*Oc1cc2c(cc1O*)C1(C)c3cc4c(cc3C2(C)c2cc3ccccc3cc21)Oc1cc2c(cc1O4)C(=O)N(c4c(C)cc(-c1cc(C)c(N3C(=O)c5cc(*)c(*)cc5C3=O)c3ccccc13)c3ccccc43)C(=O)N(*)C2=O,3.54773025,0.83072096,2.04057686,0.9185233,1.5071534,1.23845967,2.54770268,2.73573238,<rdkit.Chem.rdchem.Mol object at 0x0000024CEF792B30>,6.65055031473816
*Oc1cc2c(cc1O*)C1(C)c3cc4c(cc3C2(C)c2cc3cc5c(cc3cc21)C(C)(C)CCC5(C)C)Oc5c(C#N)c(*)c(*)c(CN)c5O4,4.39468868,0.56540003,3.13698609,0.62431824,1.25770259,0.84228883,2.54666478,2.77958328,<rdkit.Chem.rdchem.Mol object at 0x0000024CEF792BA0>,6.393342029294285
*Oc1cc2c(cc1O*)C1(C)c3cc4c(cc3C2(C)c2cc3cc5c(cc3cc21)C(C)(C)CCC5(C)C)Oc5c(C#N)c(*)c(*)c(C#N)c5O4,4.38039394,0.42330371,3.12579336,0.46491631,1.25460058,0.62875528,2.53937012,2.771531,<rdkit.Chem.rdchem.Mol object at 0x0000024CEF792C10>,6.3044886785789025
*Oc1cc2c(cc1O*)C1(C)c3cc4c(cc3C2(C)c2cc3ccccc3cc21)Oc1cc2c(cc1O4)C(=O)N(c4c(C)cc(-c1cc(C)c(N3C(=O)c5cc(*)c(*)cc5C3=O)c3ccccc13)c3ccccc43)C(=O)N(*)CC2=O,3.56639714,0.86233152,2.07999552,0.95318472,1.48640162,1.28537028,2.5324259,2.72144495,<rdkit.Chem.rdchem.Mol object at 0x0000024CEF792C80>,6.700317197495434
*Oc1cc2c(cc1O*)C1(C)c3cc4c(cc3C2(C)c2cc3cc(C(F)(F)F)cc(C(F)(F)F)c3cc21)Oc1c(C#N)c(*)c(*)c(CN)c1O4,4.35788752,0.60000473,3.10995147,0.6628147,1.24793606,0.89405201,2.52610447,2.75707251,<rdkit.Chem.rdchem.Mol object at 0x0000024CEF792CF0>,6.346696836986593
*Oc1cc2c(cc1O*)C1(C)c3cc4c(cc3C2(C)c2cc3ccccc3cc21)Oc1cc2c(cc1O4)C(=O)N(c4c(C)cc(-c1cc(C)c(N3C(=O)c5cc(*)c(*)cc5C3=O)c3ccccc13)c3ccccc43)C(=O)N(*)CC2,3.55335685,0.89164749,2.06984708,0.98535722,1.48350977,1.32889582,2.52570933,2.71403724,<rdkit.Chem.rdchem.Mol object at 0x0000024CEF792D60>,6.685479291100438
*Oc1cc2c(cc1O*)C1(C)c3cc4c(cc3C2(C)c2cc3ccccc3cc21)Oc1cc2c(cc1O4)C(=O)N(c4c(C)cc(-c1cc(C)c(N3C(=O)c5cc(*)c(*)cc5C3=O)c3ccccc13)c3ccccc43)c3ccc(N(*)c4ccccc34)cc2,3.37371044,0.9307721,1.84071213,1.02829487,1.53299831,1.38698487,2.52250758,2.70131423,<rdkit.Chem.rdchem.Mol object at 0x0000024CEF792DD0>,7.561414503167774
*Oc1cc2c(cc1O*)C1(C)c3cc4c(cc3C2(C)c2cc3ccccc3cc21)Oc1cc2c(cc1O4)C(=O)N(c4c(C)cc(-c1cc(C)c(N3C(=O)c5cc(*)c(*)cc5C3=O)c3ccccc13)c3ccccc43)C2[Ca],3.64172079,0.88749652,2.1900574,0.98082877,1.45166339,1.32275287,2.51978009,2.71279129,<rdkit.Chem.rdchem.Mol object at 0x0000024CEF792E40>,6.760423966239717
*Oc1cc2c(cc1O*)C1(c3cc4c(cc3-c3cc5c(cc31)C1c3ccccc3C5c5ccccc51)Oc1c(C#N)c(*)c(*)c(C#N)c1O4)c4cc1c(cc4-2)C2c4ccccc4C1c1ccccc12,4.41176107,0.51118784,3.1862842,0.56232746,1.22547687,0.75995077,2.51944639,2.75326973,<rdkit.Chem.rdchem.Mol object at 0x0000024CEF792EB0>,6.560895205031803
*Oc1cc2c(cc1O*)C1(C)c3cc4c(cc3C2(C)c2cc3ccccc3cc21)Oc1cc2c(cc1O4)C(=O)N(c4c(C)cc(-c1cc(C)c(N3C(=O)c5cc(*)c(*)cc5C3=O)c3ccccc13)c3ccccc43)C(=O)N(*)CC2O,3.61841744,0.89811296,2.16442843,0.99249157,1.45398901,1.33852397,2.51527084,2.70704697,<rdkit.Chem.rdchem.Mol object at 0x0000024CEF792F20>,6.955706831384947
*Oc1cc2c(cc1O*)C1(C)c3cc4c(cc3C2(C)c2cc3ccccc3cc21)Oc1cc2c(cc1O4)C(=O)N(c4c(C)cc(-c1cc(C)c(N3C(=O)c5cc(*)c(*)cc5C3=O)c3ccccc13)c3ccccc43)C2=*,3.52972121,0.78728546,2.05318439,0.87086198,1.47653683,1.17397572,2.51180406,2.69887928,<rdkit.Chem.rdchem.Mol object at 0x0000024CEF792F90>,6.4871169644885684
*Oc1cc2c(cc1O*)C1(C)c3cc4c(cc3C2(C)c2cc3ccccc3cc21)Oc1cc2c(cc1O4)C(=O)N(c4c(C)cc(-c1cc(C)c(N3C(=O)c5cc(*)c(*)cc5C3=O)c3ccccc13)c3ccccc43)C(=O)N(*)CC2C,3.81907456,0.90044033,2.42834181,0.99501975,1.39073275,1.34196017,2.51086732,2.71327827,<rdkit.Chem.rdchem.Mol object at 0x0000024CEF78F040>,6.938094735117198
*Oc1cc2c(cc1O*)C1(C)c3cc4c(cc3C2(C)c2cc3ccccc3cc21)Oc1cc2c(cc1O4)C(=O)N(c4c(C)cc(-c1cc(C)c(N3C(=O)c5cc(*)c(*)cc5C3=O)c3ccccc13)c3ccccc43)c3cc(C)ccc23,3.35579853,0.86882644,1.83159703,0.96037814,1.5242015,1.29506199,2.50845721,2.68631453,<rdkit.Chem.rdchem.Mol object at 0x0000024CEF78F0B0>,6.491154755083527
*Oc1cc2c(cc1O*)C1(C)c3cc4c(cc3C2(C)c2cc3ccccc3cc21)Oc1cc2c(cc1O4)C(=O)N(c4c(C)cc(-c1cc(C)c(N3C(=O)c5cc(*)c(*)cc5C3=O)c3ccccc13)c3ccccc43)c3cc(C)ccc32,3.35579853,0.86882644,1.83159703,0.96037814,1.5242015,1.29506199,2.50845721,2.68631453,<rdkit.Chem.rdchem.Mol object at 0x0000024CEF78F120>,6.491154755083527
*Oc1cc2c(cc1O*)C1(C)c3cc4c(cc3C2(C)c2cc3ccccc3cc21)Oc1cc2c(cc1O4)C(=O)N(c4c(C)cc(-c1cc(C)c(N3C(=O)c5cc(*)c(*)cc5C3=O)c3ccccc13)c3ccccc43)C2C=O,3.58215594,0.90066302,2.12447825,0.99527119,1.45767769,1.34229603,2.50832403,2.69817829,<rdkit.Chem.rdchem.Mol object at 0x0000024CEF78F190>,6.746854418063663
*Oc1cc2c(cc1O*)C1(C)c3cc4c(cc3C2(C)c2cc3ccccc3cc21)Oc1cc2c(cc1O4)C(=O)N(c4c(C)cc(-c1cc(C)c(N3C(=O)c5cc(*)c(*)cc5C3=O)c3ccccc13)c3ccccc43)CC2=O,3.45332719,0.84595162,1.96071612,0.93522016,1.49261106,1.26105943,2.50547192,2.68849827,<rdkit.Chem.rdchem.Mol object at 0x0000024CEF78F200>,6.440092920057246
*Oc1cc2c(cc1O*)C1(C)c3cc4c(cc3C2(C)c2cc3ccccc3cc21)Oc1cc2c(cc1O4)C(=O)N(c4c(C)cc(-c1cc(C)c(N3C(=O)c5cc(*)c(*)cc5C3=O)c3ccccc13)c3ccccc43)C(=O)C2(*)C,3.49258906,0.82305651,2.01199528,0.9100833,1.48059377,1.22705893,2.50497014,2.69007736,<rdkit.Chem.rdchem.Mol object at 0x0000024CEF78F270>,6.784048652830706
*Oc1cc2c(cc1O*)C1c3cc4c(cc3C2c2cc3cc5c(cc3cc21)C(C)(C)CCC5(C)C)Oc5cc1c(cc5O4)C(=O)N(c4c(C)cc(-c5cc(C)c(N2C(=O)c3cc(*)c(*)cc3C2=O)c2ccccc52)c2ccccc42)C1=O,4.13561008,0.76683864,2.84471171,0.84816964,1.29089837,1.14343047,2.50387281,2.72306014,<rdkit.Chem.rdchem.Mol object at 0x0000024CEF78F2E0>,6.572334528618638
*Oc1cc2c(cc1O*)C1(C)c3cc4c(cc3C2(C)c2cc3ccccc3cc21)Oc1cc2c(cc1O4)C(=O)N(c4c(C)cc(-c1cc(C)c(N3C(=O)c5cc(*)c(*)cc5C3=O)c3ccccc13)c3ccccc43)C2=C=C=C,3.44703245,0.86643178,1.95664833,0.95763044,1.49038412,1.29141786,2.50139874,2.68409146,<rdkit.Chem.rdchem.Mol object at 0x0000024CEF78F350>,6.642144652781221
*Oc1cc2c(cc1O*)C1(C)c3cc4c(cc3C2(C)c2cc3ccccc3cc21)Oc1cc2c(cc1O4)C(=O)N(c4c(C)cc(-c1cc(C)c(N3C(=O)c5cc(*)c(*)cc5C3=O)c3ccccc13)c3ccccc43)c3ccc(Br)cc32,3.25831229,0.87250456,1.71285086,0.96455627,1.54546143,1.30062793,2.50112443,2.67381498,<rdkit.Chem.rdchem.Mol object at 0x0000024CEF78F3C0>,6.520386955745778
*Oc1cc2c(cc1O*)C1(C)c3cc4c(cc3C2(C)c2cc3ccccc3cc21)Oc1cc2c(cc1O4)C(=O)N(c4c(C)cc(-c1cc(C)c(N3C(=O)c5cc(*)c(*)cc5C3=O)c3ccccc13)c3ccccc43)C(=O)N(*)C2C,3.60958976,0.8921231,2.1677659,0.98589622,1.44182386,1.3296146,2.50051653,2.69182479,<rdkit.Chem.rdchem.Mol object at 0x0000024CEF78F430>,6.8809034119091175
*Oc1cc2c(cc1O*)C1(C)c3cc4c(cc3C2(C)c2cc3ccccc3cc21)Oc1cc2c(cc1O4)C(=O)N(c4c(C)cc(-c1cc(C)c(N3C(=O)c5cc(*)c(*)cc5C3=O)c3ccccc13)c3ccccc43)c3ccccc32,3.36787323,0.83187647,1.85739167,0.91971465,1.51048156,1.24011834,2.49827878,2.67677606,<rdkit.Chem.rdchem.Mol object at 0x0000024CEF78F4A0>,6.403901204611949
*Oc1cc2c(cc1O*)C1(C)c3cc4c(cc3C2(C)c2cc3ccccc3cc21)Oc1cc2c(cc1O4)C(=O)N(c4c(C)cc(-c1cc(C)c(N3C(=O)c5cc(*)c(*)cc5C3=O)c3ccccc13)c3ccccc43)C(C)=C2,3.40740011,0.84052295,1.9126585,0.92922258,1.49474161,1.25296984,2.49413206,2.67472427,<rdkit.Chem.rdchem.Mol object at 0x0000024CEF78F510>,6.407796065925005
*Oc1cc2c(cc1O*)C1(C)c3cc4c(cc3C2(C)c2cc3ccccc3cc21)Oc1cc2c(cc1O4)C(=O)N(c4c(C)cc(-c1cc(C)c(N3C(=O)c5cc(*)c(*)cc5C3=O)c3ccccc13)c3ccccc43)c3ccccc3-c3ccccc3-c3ccccc32,3.35659248,0.84417639,1.84809006,0.93321196,1.50850241,1.25837925,2.49299099,2.67089039,<rdkit.Chem.rdchem.Mol object at 0x0000024CEF78F580>,6.984228554741945
*Oc1cc2c(cc1O*)C1(C)c3cc4c(cc3C2(C)c2cc3ccccc3cc21)Oc1cc2c(cc1O4)C(=O)N(c4c(C)cc(-c1cc(C)c(N3C(=O)c5cc(*)c(*)cc5C3=O)c3ccccc13)c3ccccc43)[SH]2,3.44251991,0.86952478,1.95925147,0.9610307,1.48326844,1.29601441,2.49295953,2.67541308,<rdkit.Chem.rdchem.Mol object at 0x0000024CEF78F5F0>,6.642570586852207
*Oc1cc2c(cc1O*)C1(C)c3cc4c(cc3C2(C)c2cc3ccccc3cc21)Oc1cc2c(cc1O4)C(=O)N(c4c(C)cc(-c1cc(C)c(N3C(=O)c5cc(*)c(*)cc5C3=O)c3ccccc13)c3ccccc43)C(=O)C2*,3.5568928,0.85254807,2.1095114,0.94254717,1.44738139,1.27091833,2.49061805,2.67913337,<rdkit.Chem.rdchem.Mol object at 0x0000024CEF78F660>,6.7882369707795585
*Oc1cc2c(cc1O*)C1(C)c3cc4c(cc3C2(C)c2cc3ccccc3cc21)Oc1cc2c(cc1O4)C(=O)N(c4c(C)cc(-c1cc(C)c(N3C(=O)c5cc(*)c(*)cc5C3=O)c3ccccc13)c3ccccc43)C2C(=O)OCCOC,3.13820022,0.95409018,1.56890773,1.05390409,1.5692925,1.42161947,2.48972662,2.65605123,<rdkit.Chem.rdchem.Mol object at 0x0000024CEF78F6D0>,6.86718756061872
*Oc1cc2c(cc1O*)C1(C)c3cc4c(cc3C2(C)c2cc3ccccc3cc21)Oc1cc2c(cc1O4)C(=O)N(c4c(C)cc(-c1cc(C)c(N3C(=O)c5cc(*)c(*)cc5C3=O)c3ccccc13)c3ccccc43)C(=O)C2,3.49465453,0.82426168,2.03027804,0.91148765,1.46437649,1.22890889,2.48935867,2.67457536,<rdkit.Chem.rdchem.Mol object at 0x0000024CEF78F740>,6.424099689288015
*Oc1cc2c(cc1O*)C1(C)c3cc4c(cc3C2(C)c2cc3ccccc3cc21)Oc1cc2c(cc1O4)C(=O)N(c4c(C)cc(-c1cc(C)c(N3C(=O)c5cc(*)c(*)cc5C3=O)c3ccccc13)c3ccccc43)CN(C#N)C(=O)C2(F)F,3.57587936,0.94106604,2.13595841,1.03938851,1.43992095,1.4021176,2.48872636,2.67824797,<rdkit.Chem.rdchem.Mol object at 0x0000024CEF78F7B0>,6.868580497681921
*Oc1cc2c(cc1O*)C1(C)c3cc4c(cc3C2(C)c2cc3ccccc3cc21)Oc1cc2c(cc1O4)C(=O)N(c4c(C)cc(-c1cc(C)c(N3C(=O)c5cc(*)c(*)cc5C3=O)c3ccccc13)c3ccccc43)CC2=[Se],3.33395266,0.85845306,1.82349528,0.94892542,1.51045737,1.27960974,2.48830569,2.66500518,<rdkit.Chem.rdchem.Mol object at 0x0000024CEF78F820>,6.578703125314718
*Oc1cc2c(cc1O*)C1(C)c3cc4c(cc3C2(C)c2cc3ccccc3cc21)Oc1cc2c(cc1O4)C(=O)N(c4c(C)cc(-c1cc(C)c(N3C(=O)c5cc(*)c(*)cc5C3=O)c3ccccc13)c3ccccc43)C2[2H],3.40187595,0.86912796,1.91192378,0.96063309,1.48995217,1.29545334,2.48772239,2.66802181,<rdkit.Chem.rdchem.Mol object at 0x0000024CEF78F890>,6.757407126322877
*Oc1cc2c(cc1O*)C1(C(C)C)c3cc4c(cc3C2(C(C)C)c2cc3ccccc3cc21)Oc1c(C#N)c(*)c(*)c(CN)c1O4,3.79459508,0.69248175,2.42041203,0.76622274,1.37418304,1.03277696,2.48713778,2.68825132,<rdkit.Chem.rdchem.Mol object at 0x0000024CEF78F900>,6.266745240858351
*Oc1cc2c(cc1O*)C1(C)c3cc4c(cc3C2(C)c2cc3ccccc3cc21)Oc1cc2c(cc1O4)C(=O)N(c4c(C)cc(-c1cc(C)c(N3C(=O)c5cc(*)c(*)cc5C3=O)c3ccccc13)c3ccccc43)CC2,3.39497627,0.8782036,1.90547162,0.97061397,1.48950465,1.30894348,2.4852512,2.66518494,<rdkit.Chem.rdchem.Mol object at 0x0000024CEF78F970>,6.416874288498171
*Oc1cc2c(cc1O*)C1(C)c3cc4c(cc3C2(C)c2cc3ccccc3cc21)Oc1cc2c(cc1O4)C(=O)N(c4c(C)cc(-c1cc(C)c(N3C(=O)c5cc(*)c(*)cc5C3=O)c3ccccc13)c3ccccc43)C2=C,3.40818429,0.81384823,1.92305906,0.89990109,1.48512523,1.2133305,2.48474568,2.66537945,<rdkit.Chem.rdchem.Mol object at 0x0000024CEF78F9E0>,6.402522065216848
*Oc1cc2c(cc1O*)C1(C)c3cc4c(cc3C2(C)c2cc3ccccc3cc21)Oc1cc2c(cc1O4)C(=O)N(c4c(C)cc(-c1cc(C)c(N3C(=O)c5cc(*)c(*)cc5C3=O)c3ccccc13)c3ccccc43)C2,3.33358838,0.85200052,1.8275919,0.94194608,1.50599648,1.27010523,2.48373795,2.66041814,<rdkit.Chem.rdchem.Mol object at 0x0000024CEF78FA50>,6.396282754684376
*Oc1cc2c(cc1O*)C1(C)c3cc4c(cc3C2(C)c2cc3ccccc3cc21)Oc1cc2c(cc1O4)C(=O)N(c4c(C)cc(-c1cc(C)c(N3C(=O)c5cc(*)c(*)cc5C3=O)c3ccccc13)c3ccccc43)C2OC(C)(C)C,3.58990316,0.89362083,2.16077369,0.98762704,1.42912947,1.33190291,2.48204806,2.67231293,<rdkit.Chem.rdchem.Mol object at 0x0000024CEF78FAC0>,6.8129357884737
*Oc1cc2c(cc1O*)C1(c3ccccc3-2)c2ccccc2-c2cc3c(cc21)Oc1cc2c(cc1O3)C(=O)N(c3c(C)cc(-c1cc(C)c(N4C(=O)c5cc(*)c(*)cc5C4=O)c4ccccc14)c4ccccc34)C(=O)NC2c2ccccc2,3.68526927,0.89151075,2.28456141,0.98528467,1.40070786,1.32875028,2.48159734,2.67691661,<rdkit.Chem.rdchem.Mol object at 0x0000024CEF78FB30>,6.1057084184759844
*Oc1cc2c(cc1O*)C1(c3cc(C)ccc3-2)c2cc(C)ccc2-c2cc3c(cc21)Oc1c(C#N)c(*)c(*)c(CN)c1O3,4.02047348,0.63171414,2.71838267,0.69758433,1.30209081,0.94110927,2.48129568,2.69438077,<rdkit.Chem.rdchem.Mol object at 0x0000024CEF78FBA0>,5.290588356086755
*Oc1cc2c(cc1O*)C1(C)c3ccccc3C2(C)c2cc3c(cc21)Oc1c(C#N)c(*)c(*)c(CN)c1O3,3.89062667,0.63188949,2.55077067,0.69853387,1.33985599,0.94193094,2.4809768,2.68718001,<rdkit.Chem.rdchem.Mol object at 0x0000024CEF78FC10>,6.218753785414559
*Oc1cc2c(cc1O*)C1(C)c3cc4c(cc3C2(C)c2cc3ccccc3cc21)Oc1cc2c(cc1O4)C(=O)N(c4c(C)cc(-c1cc(C)c(N3C(=O)c5cc(*)c(*)cc5C3=O)c3ccccc13)c3ccccc43)C2(C)C,3.36685008,0.83269102,1.87432899,0.92058638,1.49252109,1.24131125,2.48001822,2.65846127,<rdkit.Chem.rdchem.Mol object at 0x0000024CEF78FC80>,6.472967266254988
*Oc1cc2c(cc1O*)C1(C)c3cc4c(cc3C2(C)c2cc3ccccc3cc21)Oc1cc2c(cc1O4)C(=O)N(c4c(C)cc(-c1cc(C)c(N3C(=O)c5cc(*)c(*)cc5C3=O)c3ccccc13)c3ccccc43)C2*,3.51453315,0.87588218,2.06562247,0.96811555,1.44891069,1.30553334,2.47972326,2.66599352,<rdkit.Chem.rdchem.Mol object at 0x0000024CEF78FCF0>,6.750317105101996
*Oc1cc2c(cc1O*)C1(C)c3cc4c(cc3C2(C)c2cc3ccccc3cc21)Oc1cc2c(cc1O4)C(=O)N(c4c(C)cc(-c1cc(C)c(N3C(=O)c5cc(*)c(*)cc5C3=O)c3ccccc13)c3ccccc43)C2C=C,3.49547317,0.90690695,2.04228595,1.00209748,1.45318722,1.3515471,2.4784095,2.66366957,<rdkit.Chem.rdchem.Mol object at 0x0000024CEF78FD60>,6.758963662507713
*Oc1cc2c(cc1O*)C1(C)c3cc4c(cc3C2(C)c2cc3ccccc3cc21)Oc1cc2c(cc1O4)C(=O)N(c4c(C)cc(-c1cc(C)c(N3C(=O)c5cc(*)c(*)cc5C3=O)c3ccccc13)c3ccccc43)CC2C,3.67972556,0.88762783,2.28060968,0.98095992,1.39911588,1.32293821,2.47837939,2.67340485,<rdkit.Chem.rdchem.Mol object at 0x0000024CEF78FDD0>,6.689679648832893
*Oc1cc2c(cc1O*)C1(C)c3cc4c(cc3C2(C)c2cc3ccccc3cc21)Oc1cc2c(cc1O4)C(=O)N(c4c(C)cc(-c1cc(C)c(N3C(=O)c5cc(*)c(*)cc5C3=O)c3ccccc13)c3ccccc43)C2C,3.55373954,0.87647894,2.11779195,0.96877104,1.43594759,1.30641979,2.4782594,2.66660759,<rdkit.Chem.rdchem.Mol object at 0x0000024CEF78FE40>,6.629329163314054
*Oc1cc2c(cc1O*)C1(C(C)C)c3cc4c(cc3C2(C(C)C)c2cc3cc5c(cc3cc21)C(C)(C)CCC5(C)C)Oc5cc1c(cc5O4)C(=O)N(c4c(C)cc(-c5cc(C)c(N2C(=O)c3cc(*)c(*)cc3C2=O)c2ccccc52)c2ccccc42)C(=O)C1(*)C,3.74243111,0.88126679,2.36340828,0.97419306,1.37902283,1.31365265,2.47667787,2.67502672,<rdkit.Chem.rdchem.Mol object at 0x0000024CEF78FEB0>,7.291570716492355
*Oc1cc2c(cc1O*)C1(C)c3cc4c(cc3C2(C)c2cc3ccccc3cc21)Oc1cc2c(cc1O4)C(=O)N(c4c(C)cc(-c1cc(C)c(N3C(=O)c5cc(*)c(*)cc5C3=O)c3ccccc13)c3ccccc43)CCC2=O,3.35468214,0.87094853,1.86431391,0.96260616,1.49036823,1.29813788,2.4742965,2.65209465,<rdkit.Chem.rdchem.Mol object at 0x0000024CEF78FF20>,6.464050440915873
*Oc1cc2c(cc1O*)C1(c3ccccc3-2)c2ccccc2-c2cc3c(cc21)Oc1cc2c(cc1O3)C(=O)N(c3c(C)cc(-c1cc(C)c(N4C(=O)c5cc(*)c(*)cc5C4=O)c4ccccc14)c4ccccc34)C2C=O,3.72929354,0.88666427,2.34889577,0.97996325,1.38039778,1.32155269,2.47419957,2.67185213,<rdkit.Chem.rdchem.Mol object at 0x0000024CEF78FF90>,6.076251914762062
*Oc1cc2c(cc1O*)C1(C)c3cc4c(cc3C2(C)c2cc3ccccc3cc21)Oc1cc2c(cc1O4)C(=O)N(c4c(C)cc(-c1cc(C)c(N3C(=O)c5cc(*)c(*)cc5C3=O)c3ccccc13)c3ccccc43)C2(c2ccccc2)c2ccccc2,3.19578888,0.87249874,1.66041007,0.96434345,1.53537881,1.3004662,2.47270369,2.6420805,<rdkit.Chem.rdchem.Mol object at 0x0000024CEF791040>,6.600512514896423
*Oc1cc2c(cc1O*)C1(C)c3cc4c(cc3C2(C)c2cc3ccccc3cc21)Oc1cc2c(cc1O4)C(=O)N(c4c(C)cc(-c1cc(C)c(N3C(=O)c5cc(*)c(*)cc5C3=O)c3ccccc13)c3ccccc43)[Ca]2,3.39960277,0.86269217,1.92451386,0.95350657,1.47508892,1.28585091,2.47219241,2.65237136,<rdkit.Chem.rdchem.Mol object at 0x0000024CEF7910B0>,6.642570586852207
*Oc1cc2c(cc1O*)C1(C)c3cc4c(cc3C2(C)c2cc3ccccc3cc21)Oc1cc2c(cc1O4)C(=O)N(c4c(C)cc(-c1cc(C)c(N3C(=O)c5cc(*)c(*)cc5C3=O)c3ccccc13)c3ccccc43)S2=O,3.31766555,0.88009128,1.81931334,0.97265817,1.49835222,1.3117258,2.47142352,2.6472598,<rdkit.Chem.rdchem.Mol object at 0x0000024CEF791120>,6.788014194499086
*Oc1cc2c(cc1O*)C1(C)c3cc4c(cc3C2(C)c2cc3ccccc3cc21)Oc1cc2c(cc1O4)C(=O)N(c4c(C)cc(-c1cc(C)c(N3C(=O)c5cc(*)c(*)cc5C3=O)c3ccccc13)c3ccccc43)C(*)(C)C=C2,3.38149429,0.90682011,1.90211051,1.00191645,1.47938378,1.35135462,2.47117606,2.65039526,<rdkit.Chem.rdchem.Mol object at 0x0000024CEF791190>,6.890699746737483
*Oc1cc2c(cc1O*)C1(C)c3cc4c(cc3C2(C)c2cc3ccccc3cc21)Oc1cc2c(cc1O4)C(=O)N(c4c(C)cc(-c1cc(C)c(N3C(=O)c5cc(*)c(*)cc5C3=O)c3ccccc13)c3ccccc43)C(=*)C2O,3.461539,0.86548879,2.00642865,0.95675617,1.45511034,1.29013689,2.47037973,2.6538413,<rdkit.Chem.rdchem.Mol object at 0x0000024CEF791200>,6.820097617162634
*Oc1cc2c(cc1O*)C1(C)c3cc4c(cc3C2(C)c2cc3ccccc3cc21)Oc1cc2c(cc1O4)C(=O)N(c4c(C)cc(-c1cc(C)c(N3C(=O)c5cc(*)c(*)cc5C3=O)c3ccccc13)c3ccccc43)C(*)(C)C2,3.31166727,0.87952829,1.8139679,0.97214138,1.49769937,1.31096486,2.46901138,2.64452974,<rdkit.Chem.rdchem.Mol object at 0x0000024CEF791270>,6.823497071793145
*Oc1cc2c(cc1O*)C1(C(C)C)c3cc4c(cc3C2(C(C)C)c2cc3cc5c(cc3cc21)C(C)(C)CCC5(C)C)Oc5cc1c(cc5O4)C(=O)N(c4c(C)cc(-c5cc(C)c(N2C(=O)c3cc(*)c(*)cc3C2=O)c2ccccc52)c2ccccc42)C1=*,3.76536582,0.84438661,2.40175837,0.93382046,1.36360745,1.25897156,2.46798924,2.66755363,<rdkit.Chem.rdchem.Mol object at 0x0000024CEF7912E0>,6.994283487693632
*Oc1cc2c(cc1O*)C1(C)c3cc4c(cc3C2(C)c2cc3ccccc3cc21)Oc1cc2c(cc1O4)C(=O)N(c4c(C)cc(-c1cc(C)c(N3C(=O)c5cc(*)c(*)cc5C3=O)c3ccccc13)c3ccccc43)C2C=CC,3.48777287,0.92463613,2.04290065,1.02153835,1.44487221,1.37785796,2.46783599,2.65268796,<rdkit.Chem.rdchem.Mol object at 0x0000024CEF791350>,6.801379367115466
*Oc1cc2c(cc1O*)C1(C)c3cc4c(cc3C2(C)c2cc3ccccc3cc21)Oc1cc2c(cc1O4)C(=O)N(c4c(C)cc(-c1cc(C)c(N3C(=O)c5cc(*)c(*)cc5C3=O)c3ccccc13)c3ccccc43)C2C(=O)O,3.38390713,0.90706125,1.90859363,1.00235054,1.4753135,1.35183827,2.46781346,2.64716054,<rdkit.Chem.rdchem.Mol object at 0x0000024CEF7913C0>,6.731270321118569
*Oc1cc2c(cc1O*)C1(C)c3cc4c(cc3C2(C)c2cc3ccccc3cc21)Oc1cc2c(cc1O4)C(=O)N(c4c(C)cc(-c1cc(C)c(N3C(=O)c5cc(*)c(*)cc5C3=O)c3ccccc13)c3ccccc43)CCNNC2=O,3.32358633,0.91645348,1.83106223,1.01256399,1.4925241,1.3657133,2.46733197,2.64348205,<rdkit.Chem.rdchem.Mol object at 0x0000024CEF791430>,7.065583433638331
*Oc1cc2c(cc1O*)C1(C)c3cc4c(cc3C2(C)c2cc3cc5c(cc3cc21)C(C)(C)CCC5(C)C)Oc5cc1c(cc5O4)C(=O)N(c4c(C)cc(-c5cc(C)c(N2C(=O)c3cc(*)c(*)cc3C2=O)c2ccccc52)c2ccccc42)C1=O,3.7241064,0.68062171,2.34942167,0.75291135,1.37468473,1.01494897,2.46696514,2.66434278,<rdkit.Chem.rdchem.Mol object at 0x0000024CEF7914A0>,6.713592234098293
*Oc1cc2c(cc1O*)C1(C)c3cc4c(cc3C2(C)c2cc3ccccc3cc21)Oc1cc2c(cc1O4)C(=O)N(c4c(C)cc(-c1cc(C)c(N3C(=O)c5cc(*)c(*)cc5C3=O)c3ccccc13)c3ccccc43)CC2(*)C,3.40251956,0.86841822,1.93373067,0.95990547,1.46878888,1.2944376,2.46674787,2.64708141,<rdkit.Chem.rdchem.Mol object at 0x0000024CEF791510>,6.82623101356473
*Oc1cc2c(cc1O*)C1(C)c3cc4c(cc3C2(C)c2cc3ccccc3cc21)Oc1cc2c(cc1O4)C(=O)N(c4c(C)cc(-c1cc(C)c(N3C(=O)c5cc(*)c(*)cc5C3=O)c3ccccc13)c3ccccc43)[As]2,3.42218417,0.87116012,1.95989155,0.96284213,1.46229262,1.29845482,2.46601924,2.647395,<rdkit.Chem.rdchem.Mol object at 0x0000024CEF791580>,6.626677090348711
*Oc1cc2c(cc1O*)C1(c3cc4c(cc3-c3cc5c(cc31)C(C)(C)CCC5(C)C)Oc5c(C#N)c(*)c(*)c(C#N)c5O4)c4cc5c(cc4-2)C(C)(C)CCC5(C)C,4.36629547,0.50092738,3.18164642,0.55104408,1.18464906,0.74469982,2.46528352,2.69669718,<rdkit.Chem.rdchem.Mol object at 0x0000024CEF7915F0>,5.633029364416235
*Oc1cc2c(cc1O*)C1(C)c3cc4c(cc3C2(C)c2cc3ccccc3cc21)Oc1cc2c(cc1O4)C(=O)N(c4c(C)cc(-c1cc(C)c(N3C(=O)c5cc(*)c(*)cc5C3=O)c3ccccc13)c3ccccc43)C3=CC=C(C=C2)CC3,3.21771794,0.90720911,1.69695493,1.0023283,1.520763,1.351921,2.46451968,2.63505873,<rdkit.Chem.rdchem.Mol object at 0x0000024CEF791660>,7.375089535092082
*Oc1cc2c(cc1O*)C1(C)c3cc4c(cc3C2(C)c2cc3ccccc3cc21)Oc1cc2c(cc1O4)C(=O)N(c4c(C)cc(-c1cc(C)c(N3C(=O)c5cc(*)c(*)cc5C3=O)c3ccccc13)c3ccccc43)C3=CC=C(C2=O)C3=O,3.31821228,0.87046124,1.82754136,0.96214777,1.49067091,1.29747104,2.46390257,2.63976782,<rdkit.Chem.rdchem.Mol object at 0x0000024CEF7916D0>,7.058261085783615
*Oc1cc2c(cc1O*)C1(C)c3cc4c(cc3C2(C)c2cc3ccccc3cc21)Oc1cc2c(cc1O4)C(=O)N(c4c(C)cc(-c1cc(C)c(N3C(=O)c5cc(*)c(*)cc5C3=O)c3ccccc13)c3ccccc43)C(=O)CCC2(*)O,3.33008856,0.89066904,1.84303376,0.98437542,1.4870548,1.32751132,2.46376977,2.64026446,<rdkit.Chem.rdchem.Mol object at 0x0000024CEF791740>,6.904625347854853
*Oc1cc2c(cc1O*)C1(C(C)C)c3cc4c(cc3C2(C(C)C)c2cc3cc5c(cc3cc21)C(C)(C)CCC5(C)C)Oc5cc1c(cc5O4)C(=O)N(c4c(C)cc(-c5cc(C)c(N2C(=O)c3cc(*)c(*)cc3C2=O)c2ccccc52)c2ccccc42)C1C=O,3.78419229,0.94037041,2.43060819,1.03892146,1.3535841,1.40130451,2.4634877,2.66404989,<rdkit.Chem.rdchem.Mol object at 0x0000024CEF7917B0>,7.248463209164467
*Oc1cc2c(cc1O*)C1(C)c3cc4c(cc3C2(C)c2cc3ccccc3cc21)Oc1cc2c(cc1O4)C(=O)N(c4c(C)cc(-c1cc(C)c(N3C(=O)c5cc(*)c(*)cc5C3=O)c3ccccc13)c3ccccc43)[N+]2,3.3698039,0.87181612,1.89480495,0.9635428,1.47499895,1.29941451,2.46336244,2.64196205,<rdkit.Chem.rdchem.Mol object at 0x0000024CEF791820>,6.628572125313745
*Oc1cc2c(cc1O*)C1(C)c3cc4c(cc3C2(C)c2cc3ccccc3cc21)Oc1cc2c(cc1O4)C(=O)N(c4c(C)cc(-c1cc(C)c(N3C(=O)c5cc(*)c(*)cc5C3=O)c3ccccc13)c3ccccc43)C(=O)CCN(C)C2=O,3.30125662,0.86757026,1.80631881,0.95894833,1.49493781,1.29315895,2.46319638,2.63816298,<rdkit.Chem.rdchem.Mol object at 0x0000024CEF791890>,6.954954501935377
*Oc1cc2c(cc1O*)C1(C(C)C)c3cc4c(cc3C2(C(C)C)c2cc3cc5c(cc3cc21)C(C)(C)CCC5(C)C)Oc5cc1c(cc5O4)C(=O)N(c4c(C)cc(-c5cc(C)c(N2C(=O)c3cc(*)c(*)cc3C2=O)c2ccccc52)c2ccccc42)CC1=O,3.68576346,0.89415283,2.30376561,0.98827005,1.38199785,1.33273665,2.46303228,2.65837774,<rdkit.Chem.rdchem.Mol object at 0x0000024CEF791900>,6.9480740270513195
*Oc1cc2c(cc1O*)C1(C)c3cc4c(cc3C2(C)c2cc3ccccc3cc21)Oc1cc2c(cc1O4)C(=O)N(c4c(C)cc(-c1cc(C)c(N3C(=O)c5cc(*)c(*)cc5C3=O)c3ccccc13)c3ccccc43)C2OCCCCCCCCCC[PH](C)(C)C,3.39047866,0.97876495,1.92194179,1.08073994,1.46853687,1.45807395,2.46296426,2.64265963,<rdkit.Chem.rdchem.Mol object at 0x0000024CEF791970>,7.259136033152697
*Oc1cc2c(cc1O*)C1(C)c3cc4c(cc3C2(C)c2cc3ccccc3cc21)Oc1cc2c(cc1O4)C(=O)N(c4c(C)cc(-c1cc(C)c(N3C(=O)c5cc(*)c(*)cc5C3=O)c3ccccc13)c3ccccc43)CN(C#N)C(=O)C2(C)N,3.50751351,0.94355246,2.0742288,1.04208589,1.43328471,1.40578599,2.46203842,2.64793664,<rdkit.Chem.rdchem.Mol object at 0x0000024CEF7919E0>,7.064912594524182
*Oc1cc2c(cc1O*)C1(C)c3cc4c(cc3C2(C)c2cc3ccccc3cc21)Oc1cc2c(cc1O4)C(=O)N(c4c(C)cc(-c1cc(C)c(N3C(=O)c5cc(*)c(*)cc5C3=O)c3ccccc13)c3ccccc43)C2=O,3.49339777,0.67143702,2.05620366,0.74251482,1.43719411,1.00107738,2.46180768,2.64695776,<rdkit.Chem.rdchem.Mol object at 0x0000024CEF791A50>,6.3749133334081165
*Oc1cc2c(cc1O*)C1(C)c3cc4c(cc3C2(C)c2cc3ccccc3cc21)Oc1cc2c(cc1O4)C(=O)N(c4c(C)cc(-c1cc(C)c(N3C(=O)c5cc(*)c(*)cc5C3=O)c3ccccc13)c3ccccc43)c3ccc([Si](*)(C)CC)cc32,3.12849446,0.91856804,1.58586562,1.01508168,1.54262884,1.36899892,2.46021626,2.62602647,<rdkit.Chem.rdchem.Mol object at 0x0000024CEF791AC0>,7.053510365069568
*Oc1cc2c(cc1O*)C1(C)c3cc4c(cc3C2(C)c2cc3ccccc3cc21)Oc1cc2c(cc1O4)C(=O)N(c4c(C)cc(-c1cc(C)c(N3C(=O)c5cc(*)c(*)cc5C3=O)c3ccccc13)c3ccccc43)CN(C#N)C(=O)C2*,3.50952833,0.95314271,2.07927026,1.05269975,1.43025808,1.42009077,2.45960274,2.64560774,<rdkit.Chem.rdchem.Mol object at 0x0000024CEF791B30>,7.113424506198368
*Oc1cc2c(cc1O*)C1(C(C)C)c3cc4c(cc3C2(C(C)C)c2cc3cc5c(cc3cc21)C(C)(C)CCC5(C)C)Oc5cc1c(cc5O4)C(=O)N(c4c(C)cc(-c5cc(C)c(N2C(=O)c3cc(*)c(*)cc3C2=O)c2ccccc52)c2ccccc42)C1=C=C=C,3.67026487,0.91079802,2.28918226,1.00647912,1.38108261,1.35740681,2.45757129,2.65209533,<rdkit.Chem.rdchem.Mol object at 0x0000024CEF791BA0>,7.140609946688022
*Oc1cc2c(cc1O*)C1(C(C)C)c3cc4c(cc3C2(C(C)C)c2cc3cc5c(cc3cc21)C(C)(C)CCC5(C)C)Oc5cc1c(cc5O4)C(=O)N(c4c(C)cc(-c5cc(C)c(N2C(=O)c3cc(*)c(*)cc3C2=O)c2ccccc52)c2ccccc42)C(C)=C1,3.64555607,0.88734407,2.25890381,0.98074727,1.38665226,1.32259015,2.45589386,2.64910833,<rdkit.Chem.rdchem.Mol object at 0x0000024CEF791C10>,6.92885340172811
*Oc1cc2c(cc1O*)C1(c3ccccc3-2)c2ccccc2-c2cc3c(cc21)Oc1cc2c(cc1O3)C(=O)N(c3c(C)cc(-c1cc(C)c(N4C(=O)c5cc(*)c(*)cc5C4=O)c4ccccc14)c4ccccc34)C2,3.50974579,0.84626568,2.08408192,0.93569784,1.42566387,1.26162437,2.45507231,2.64108884,<rdkit.Chem.rdchem.Mol object at 0x0000024CEF791C80>,5.650118064540242
*Oc1cc2c(cc1O*)C1(C)c3cc4c(cc3C2(C)c2cc3ccccc3cc21)Oc1cc2c(cc1O4)C(=O)N(c4c(C)cc(-c1cc(C)c(N3C(=O)c5cc(*)c(*)cc5C3=O)c3ccccc13)c3ccccc43)C(OC)C2=O,3.26873699,0.86725695,1.77280599,0.95863076,1.495931,1.29271325,2.45465156,2.62789462,<rdkit.Chem.rdchem.Mol object at 0x0000024CEF791CF0>,6.738449619326381
*Oc1cc2c(cc1O*)C1(C)c3cc4c(cc3C2(C)c2cc3ccccc3cc21)Oc1cc2c(cc1O4)C(=O)N(c4c(C)cc(-c1cc(C)c(N3C(=O)c5cc(*)c(*)cc5C3=O)c3ccccc13)c3ccccc43)C2=CC=C2C=CC=C2,3.3796783,0.90337008,1.91701698,0.99812166,1.46266132,1.34622596,2.45392096,2.63304391,<rdkit.Chem.rdchem.Mol object at 0x0000024CEF791D60>,6.721717580007084
*Oc1cc2c(cc1O*)C1(C)c3cc4c(cc3C2(C)c2cc3ccccc3cc21)Oc1cc2c(cc1O4)C(=O)N(c4c(C)cc(-c1cc(C)c(N3C(=O)c5cc(*)c(*)cc5C3=O)c3ccccc13)c3ccccc43)C2C(=O)OCCC(C)C,3.29887667,0.95968673,1.8127305,1.06010035,1.48614618,1.42996901,2.45370671,2.62854717,<rdkit.Chem.rdchem.Mol object at 0x0000024CEF791DD0>,6.9078215267700935
*Oc1cc2c(cc1O*)C1(C)c3cc4c(cc3C2(C)c2cc3ccccc3cc21)Oc1cc2c(cc1O4)C(=O)N(c4c(C)cc(-c1cc(C)c(N3C(=O)c5cc(*)c(*)cc5C3=O)c3ccccc13)c3ccccc43)C2=CC=C(C)C,3.27293621,0.87552782,1.77943248,0.96772398,1.49350373,1.30500524,2.45345593,2.62692154,<rdkit.Chem.rdchem.Mol object at 0x0000024CEF791E40>,6.6312445727065175
*Oc1cc2c(cc1O*)C1(C)c3cc4c(cc3C2(C)c2cc3ccccc3cc21)Oc1cc2c(cc1O4)C(=O)N(c4c(C)cc(-c1cc(C)c(N3C(=O)c5cc(*)c(*)cc5C3=O)c3ccccc13)c3ccccc43)C2(c2ccc(F)cc2)c2ccccc2,3.3268787,0.908104,1.8493896,1.00355661,1.4774891,1.35343221,2.45326262,2.6295872,<rdkit.Chem.rdchem.Mol object at 0x0000024CEF791EB0>,6.867285890382656
*Oc1cc2c(cc1O*)C1(C(C)C)c3cc4c(cc3C2(C(C)C)c2cc3cc5c(cc3cc21)C(C)(C)CCC5(C)C)Oc5c(C#N)c(*)c(*)c(C#N)c5O4,4.25565942,0.60204742,3.05062521,0.66553224,1.20503421,0.8974376,2.45321911,2.67876906,<rdkit.Chem.rdchem.Mol object at 0x0000024CEF791F20>,6.434089651742036
*Oc1cc2c(cc1O*)C1(C)c3cc4c(cc3C2(C)c2cc3ccccc3cc21)Oc1cc2c(cc1O4)C(=O)N(c4c(C)cc(-c1cc(C)c(N3C(=O)c5cc(*)c(*)cc5C3=O)c3ccccc13)c3ccccc43)C2OC(C)=O,3.35975696,0.90488082,1.89208531,1.00002511,1.46767165,1.348651,2.45308837,2.63115548,<rdkit.Chem.rdchem.Mol object at 0x0000024CEF791F90>,6.766268575318456
*Oc1cc2c(cc1O*)C1(C)c3cc4c(cc3C2(C)c2cc3ccccc3cc21)Oc1cc2c(cc1O4)C(=O)N(c4c(C)cc(-c1cc(C)c(N3C(=O)c5cc(*)c(*)cc5C3=O)c3ccccc13)c3ccccc43)[SH]2=O,3.29039877,0.88162945,1.80303047,0.97431486,1.48736829,1.31398627,2.45244225,2.62683338,<rdkit.Chem.rdchem.Mol object at 0x0000024CEF790040>,6.858304007388899
*Oc1cc2c(cc1O*)C1(C)c3cc4c(cc3C2(C)c2cc3ccccc3cc21)Oc1cc2c(cc1O4)C(=O)N(c4c(C)cc(-c1cc(C)c(N3C(=O)c5cc(*)c(*)cc5C3=O)c3ccccc13)c3ccccc43)C2C(=O)OCCOCO*,3.08164748,0.98565536,1.53306687,1.08835341,1.5485806,1.46834248,2.45242781,2.61575513,<rdkit.Chem.rdchem.Mol object at 0x0000024CEF7900B0>,7.1043513518328165
*Oc1cc2c(cc1O*)C1(C)c3cc4c(cc3C2(C)c2cc3ccccc3cc21)Oc1cc2c(cc1O4)C(=O)N(c4c(C)cc(-c1cc(C)c(N3C(=O)c5cc(*)c(*)cc5C3=O)c3ccccc13)c3ccccc43)C2=C(Cl)C(F)(F)C(F)F,3.30147143,0.91338198,1.81738653,1.00927132,1.48408489,1.36121094,2.45240646,2.62738445,<rdkit.Chem.rdchem.Mol object at 0x0000024CEF790120>,6.8093064799068515
*Oc1cc2c(cc1O*)C1(C)c3cc4c(cc3C2(C)c2cc3ccccc3cc21)Oc1cc2c(cc1O4)C(=O)N(c4c(C)cc(-c1cc(C)c(N3C(=O)c5cc(*)c(*)cc5C3=O)c3ccccc13)c3ccccc43)[SH]2C,3.28215527,0.88224441,1.79299368,0.97498559,1.4891616,1.31489623,2.45181774,2.62577197,<rdkit.Chem.rdchem.Mol object at 0x0000024CEF790190>,6.863732697617588
*Oc1cc2c(cc1O*)C1(C(C)C)c3cc4c(cc3C2(C(C)C)c2cc3cc5c(cc3cc21)C(C)(C)CCC5(C)C)Oc5cc1c(cc5O4)C(=O)N(c4c(C)cc(-c5cc(C)c(N2C(=O)c3cc(*)c(*)cc3C2=O)c2ccccc52)c2ccccc42)[SH]1,3.66708574,0.91290164,2.29106247,1.00877568,1.37602327,1.36052114,2.45157952,2.64593506,<rdkit.Chem.rdchem.Mol object at 0x0000024CEF790200>,7.125638044491963
*Oc1cc2c(cc1O*)C1(c3ccccc3-2)c2ccccc2-c2cc3c(cc21)Oc1cc2c(cc1O3)C(=O)N(c3c(C)cc(-c1cc(C)c(N4C(=O)c5cc(*)c(*)cc5C4=O)c4ccccc14)c4ccccc34)CC2C,3.84721213,0.88340124,2.52455053,0.97636814,1.3226616,1.31669757,2.45104892,2.65495116,<rdkit.Chem.rdchem.Mol object at 0x0000024CEF790270>,6.018821901025797
*Oc1cc2c(cc1O*)C1(C)c3cc4c(cc3C2(C)c2cc3ccccc3cc21)Oc1cc2c(cc1O4)C(=O)N(c4c(C)cc(-c1cc(C)c(N3C(=O)c5cc(*)c(*)cc5C3=O)c3ccccc13)c3ccccc43)CC2*,3.41376418,0.88743119,1.96428671,0.98074871,1.44947746,1.32264966,2.4507345,2.631664,<rdkit.Chem.rdchem.Mol object at 0x0000024CEF7902E0>,6.825141802679047
*Oc1cc2c(cc1O*)C1(C)c3cc4c(cc3C2(C)c2cc3ccccc3cc21)Oc1cc2c(cc1O4)C(=O)N(c4c(C)cc(-c1cc(C)c(N3C(=O)c5cc(*)c(*)cc5C3=O)c3ccccc13)c3ccccc43)C2(c2ccc(F)cc2Br)c2ccccc2,3.40410969,0.95619807,1.9522406,1.05623694,1.45186909,1.42476357,2.45029447,2.63071228,<rdkit.Chem.rdchem.Mol object at 0x0000024CEF790350>,6.9980264879671115
*Oc1cc2c(cc1O*)C1(C)c3cc4c(cc3C2(C)c2cc3ccccc3cc21)Oc1cc2c(cc1O4)C(=O)N(c4c(C)cc(-c1cc(C)c(N3C(=O)c5cc(*)c(*)cc5C3=O)c3ccccc13)c3ccccc43)CC2OC,3.39573408,0.90542295,1.9416069,1.00049643,1.45412718,1.34936423,2.45009599,2.63006989,<rdkit.Chem.rdchem.Mol object at 0x0000024CEF7903C0>,6.7589548731883395
*Oc1cc2c(cc1O*)C1(C)c3cc4c(cc3C2(C)c2cc3ccccc3cc21)Oc1cc2c(cc1O4)C(=O)N(c4c(C)cc(-c1cc(C)c(N3C(=O)c5cc(*)c(*)cc5C3=O)c3ccccc13)c3ccccc43)C2C(*)SO,3.34292497,0.9401507,1.87429819,1.03850942,1.46862678,1.40085158,2.44910667,2.6262817,<rdkit.Chem.rdchem.Mol object at 0x0000024CEF790430>,7.1246771791022105
*Oc1cc2c(cc1O*)C1(C)c3cc4c(cc3C2(C)c2cc3ccccc3cc21)Oc1cc2c(cc1O4)C(=O)N(c4c(C)cc(-c1cc(C)c(N3C(=O)c5cc(*)c(*)cc5C3=O)c3ccccc13)c3ccccc43)c3ccc([Si](*)(c4ccccc4)c4ccccc4-c4ccccc4)cc32,3.01036591,0.97519659,1.44445168,1.07697324,1.56591423,1.4528867,2.44885455,2.60840394,<rdkit.Chem.rdchem.Mol object at 0x0000024CEF7904A0>,7.313101283680973
*Oc1cc2c(cc1O*)C1(C(C)C)c3cc4c(cc3C2(C(C)C)c2cc3cc5c(cc3cc21)C(C)(C)CCC5(C)C)Oc5cc1c(cc5O4)C(=O)N(c4c(C)cc(-c5cc(C)c(N2C(=O)c3cc(*)c(*)cc3C2=O)c2ccccc52)c2ccccc42)C(=O)C1*,3.77162907,0.89848388,2.4293265,0.99310767,1.34230257,1.33922968,2.44852137,2.64841771,<rdkit.Chem.rdchem.Mol object at 0x0000024CEF790510>,7.29003251344947
*Oc1cc2c(cc1O*)C1(C(C)C)c3cc4c(cc3C2(C(C)C)c2cc3cc5c(cc3cc21)C(C)(C)CCC5(C)C)Oc5cc1c(cc5O4)C(=O)N(c4c(C)cc(-c5cc(C)c(N2C(=O)c3cc(*)c(*)cc3C2=O)c2ccccc52)c2ccccc42)C1(c1ccccc1)c1ccccc1COCCOCCOC,3.13258517,1.03407255,1.60301829,1.14112413,1.52956688,1.5399579,2.44835411,2.61438113,<rdkit.Chem.rdchem.Mol object at 0x0000024CEF790580>,7.7201065249850265
*Oc1cc2c(cc1O*)C1(C)c3cc4c(cc3C2(C)c2cc3ccccc3cc21)Oc1cc2c(cc1O4)C(=O)N(c4c(C)cc(-c1cc(C)c(N3C(=O)c5cc(*)c(*)cc5C3=O)c3ccccc13)c3ccccc43)C(C)(C)CCC2,3.1748691,0.90551636,1.65780194,1.00062531,1.51706716,1.34952247,2.44825626,2.61652432,<rdkit.Chem.rdchem.Mol object at 0x0000024CEF7905F0>,6.565330445254462
*Oc1cc2c(cc1O*)C1(C)c3cc4c(cc3C2(C)c2cc3ccccc3cc21)Oc1cc2c(cc1O4)C(=O)N(c4c(C)cc(-c1cc(C)c(N3C(=O)c5cc(*)c(*)cc5C3=O)c3ccccc13)c3ccccc43)C2=CC=C2C=N2,3.26907444,0.89822466,1.77999674,0.99252798,1.4890777,1.33862591,2.44789723,2.62115818,<rdkit.Chem.rdchem.Mol object at 0x0000024CEF790660>,6.692115798845678
*Oc1cc2c(cc1O*)C1(C(C)C)c3cc4c(cc3C2(C(C)C)c2cc3cc5c(cc3cc21)C(C)(C)CCC5(C)C)Oc5cc1c(cc5O4)C(=O)N(c4c(C)cc(-c5cc(C)c(N2C(=O)c3cc(*)c(*)cc3C2=O)c2ccccc52)c2ccccc42)CC1=[Se],3.57195496,0.90441959,2.1723774,0.99950004,1.39957756,1.3479522,2.44723195,2.63654556,<rdkit.Chem.rdchem.Mol object at 0x0000024CEF7906D0>,7.070603808967929
*Oc1cc2c(cc1O*)C1(C(C)C)c3cc4c(cc3C2(C(C)C)c2cc3cc5c(cc3cc21)C(C)(C)CCC5(C)C)Oc5cc1c(cc5O4)C(=O)N(c4c(C)cc(-c5cc(C)c(N2C(=O)c3cc(*)c(*)cc3C2=O)c2ccccc52)c2ccccc42)C1[2H],3.62953355,0.91373642,2.24738157,1.00969253,1.38215199,1.36176109,2.44669418,2.63905945,<rdkit.Chem.rdchem.Mol object at 0x0000024CEF790740>,7.243816148576252
*Oc1cc2c(cc1O*)C1(C)c3cc4c(cc3C2(C)c2cc3ccccc3cc21)Oc1cc2c(cc1O4)C(=O)N(c4c(C)cc(-c1cc(C)c(N3C(=O)c5cc(*)c(*)cc5C3=O)c3ccccc13)c3ccccc43)C2C(=O)OCCOCCOCCN(*)C(F)(F)F,3.16113423,1.03345118,1.64166379,1.14041699,1.51947043,1.53901666,2.4466311,2.61417122,<rdkit.Chem.rdchem.Mol object at 0x0000024CEF7907B0>,7.362140520959494
*Oc1cc2c(cc1O*)C1(c3ccccc3-2)c2ccccc2-c2cc3c(cc21)Oc1cc2c(cc1O3)C(=O)N(c3c(C)cc(-c1cc(C)c(N4C(=O)c5cc(*)c(*)cc5C4=O)c4ccccc14)c4ccccc34)C2*,3.67106666,0.86094454,2.30126077,0.95177858,1.36980589,1.28339704,2.44652975,2.64109628,<rdkit.Chem.rdchem.Mol object at 0x0000024CEF790820>,6.0774391465038216
*Oc1cc2c(cc1O*)C1(c3ccccc3-2)c2ccccc2-c2cc3c(cc21)Oc1cc2c(cc1O3)C(=O)N(c3c(C)cc(-c1cc(C)c(N4C(=O)c5cc(*)c(*)cc5C4=O)c4ccccc14)c4ccccc34)C2C=C,3.64724555,0.89277351,2.27082875,0.98666144,1.3764168,1.33061841,2.44615392,2.63945793,<rdkit.Chem.rdchem.Mol object at 0x0000024CEF790890>,6.088238431732799
*Oc1cc2c(cc1O*)C1(C(C)C)c3cc4c(cc3C2(C(C)C)c2cc3cc5c(cc3cc21)C(C)(C)CCC5(C)C)Oc5cc1c(cc5O4)C(=O)N(c4c(C)cc(-c5cc(C)c(N2C(=O)c3cc(*)c(*)cc3C2=O)c2ccccc52)c2ccccc42)C(=O)C1,3.72633598,0.87573456,2.37385277,0.96817721,1.35248321,1.30548003,2.44541756,2.64291336,<rdkit.Chem.rdchem.Mol object at 0x0000024CEF790900>,6.933962352843174
*Oc1cc2c(cc1O*)C1(C)c3cc4c(cc3C2(C)c2cc3ccccc3cc21)Oc1cc2c(cc1O4)C(=O)N(c4c(C)cc(-c1cc(C)c(N3C(=O)c5cc(*)c(*)cc5C3=O)c3ccccc13)c3ccccc43)c3ccccc3-c3ccccc3N2c2ccccc2,3.16604277,0.89691641,1.64992163,0.99120023,1.51612114,1.33676361,2.44472149,2.61252175,<rdkit.Chem.rdchem.Mol object at 0x0000024CEF790970>,7.053542541757002
*Oc1cc2c(cc1O*)C1(C)c3cc4c(cc3C2(C)c2cc3ccccc3cc21)Oc1cc2c(cc1O4)C(=O)N(c4c(C)cc(-c1cc(C)c(N3C(=O)c5cc(*)c(*)cc5C3=O)c3ccccc13)c3ccccc43)C2[N+]=O,3.40209118,0.90301001,1.9554836,0.99777826,1.44660758,1.34572974,2.44444092,2.62475175,<rdkit.Chem.rdchem.Mol object at 0x0000024CEF7909E0>,6.8181393411405855
*Oc1cc2c(cc1O*)C1(C)c3cc4c(cc3C2(C)c2cc3ccccc3cc21)Oc1cc2c(cc1O4)C(=O)N(c4c(C)cc(-c1cc(C)c(N3C(=O)c5cc(*)c(*)cc5C3=O)c3ccccc13)c3ccccc43)C2C(=O)OC,3.19661899,0.9049298,1.68980372,1.00007105,1.50681527,1.34871792,2.44438362,2.61380442,<rdkit.Chem.rdchem.Mol object at 0x0000024CEF790A50>,6.758049980000731
*Oc1cc2c(cc1O*)C1(C(C)C)c3cc4c(cc3C2(C(C)C)c2cc3cc5c(cc3cc21)C(C)(C)CCC5(C)C)Oc5cc1c(cc5O4)C(=O)N(c4c(C)cc(-c5cc(C)c(N2C(=O)c3cc(*)c(*)cc3C2=O)c2ccccc52)c2ccccc42)CC1,3.6206743,0.92166329,2.23841482,1.01838898,1.38225947,1.37352807,2.44420325,2.63609898,<rdkit.Chem.rdchem.Mol object at 0x0000024CEF790AC0>,6.922942444211078
*Oc1cc2c(cc1O*)C1(C(C)C)c3cc4c(cc3C2(C(C)C)c2cc3cc5c(cc3cc21)C(C)(C)CCC5(C)C)Oc5cc1c(cc5O4)C(=O)N(c4c(C)cc(-c5cc(C)c(N2C(=O)c3cc(*)c(*)cc3C2=O)c2ccccc52)c2ccccc42)C1,3.57004545,0.89976757,2.17340185,0.99448375,1.3966436,1.34111133,2.44373793,2.63295034,<rdkit.Chem.rdchem.Mol object at 0x0000024CEF790B30>,6.899734979818873
*Oc1cc2c(cc1O*)C1(C)c3cc4c(cc3C2(C)c2cc3ccccc3cc21)Oc1cc2c(cc1O4)C(=O)N(c4c(C)cc(-c1cc(C)c(N3C(=O)c5cc(*)c(*)cc5C3=O)c3ccccc13)c3ccccc43)C2=C(Cl)C(F)(F)F,3.30118935,0.88519732,1.82652569,0.97838033,1.47466366,1.3193947,2.4429025,2.61786554,<rdkit.Chem.rdchem.Mol object at 0x0000024CEF790BA0>,6.688051588187366
*Oc1cc2c(cc1O*)C1(C)c3cc4c(cc3C2(C)c2cc3ccccc3cc21)Oc1cc2c(cc1O4)C(=O)N(c4c(C)cc(-c1cc(C)c(N3C(=O)c5cc(*)c(*)cc5C3=O)c3ccccc13)c3ccccc43)C(=O)[SH]2*,3.26044947,0.87075367,1.77388087,0.96239425,1.4865686,1.29785001,2.44285843,2.61566226,<rdkit.Chem.rdchem.Mol object at 0x0000024CEF790C10>,6.921780989756176
*Oc1cc2c(cc1O*)C1(C(C)C)c3cc4c(cc3C2(C(C)C)c2cc3cc5c(cc3cc21)C(C)(C)CCC5(C)C)Oc5cc1c(cc5O4)C(=O)N(c4c(C)cc(-c5cc(C)c(N2C(=O)c3cc(*)c(*)cc3C2=O)c2ccccc52)c2ccccc42)C1=C,3.64899062,0.86378795,2.27672057,0.95497029,1.37227005,1.28767149,2.442519,2.6359155,<rdkit.Chem.rdchem.Mol object at 0x0000024CEF790C80>,6.9196624108199325
*Oc1cc2c(cc1O*)C1(C)c3cc4c(cc3C2(C)c2cc3ccccc3cc21)Oc1cc2c(cc1O4)C(=O)N(c4c(C)cc(-c1cc(C)c(N3C(=O)c5cc(*)c(*)cc5C3=O)c3ccccc13)c3ccccc43)C(=O)C3(Cl)C(*)C(=O)C23C,3.33720584,0.92726141,1.87442616,1.02435,1.46277968,1.38170425,2.44158215,2.61845406,<rdkit.Chem.rdchem.Mol object at 0x0000024CEF790CF0>,7.311350975007375
*Oc1cc2c(cc1O*)C1(C)c3cc4c(cc3C2(C)c2cc3ccccc3cc21)Oc1cc2c(cc1O4)C(=O)N(c4c(C)cc(-c1cc(C)c(N3C(=O)c5cc(*)c(*)cc5C3=O)c3ccccc13)c3ccccc43)C2=CC=C(C)C(F)(F)F,3.37312045,0.92281346,1.92091256,1.01958788,1.45220789,1.37518876,2.44154412,2.62031951,<rdkit.Chem.rdchem.Mol object at 0x0000024CEF790D60>,6.794869643730475
*Oc1cc2c(cc1O*)C1(C)c3cc4c(cc3C2(C)c2cc3cc5c(cc3cc21)C(C)(C)CCC5(C)C)Oc5c(c(S(=O)(=O)c1ccc(-c2ccccc2)cc1)c(*)c(*)c5S(=O)(=O)c5ccc(-c1ccccc1)cc5)O4,3.1190609,0.76804517,1.59303394,0.84962704,1.52602696,1.14532069,2.44084752,2.60615775,<rdkit.Chem.rdchem.Mol object at 0x0000024CEF790DD0>,6.183645688490838
*Oc1cc2c(cc1O*)C1(C(C)C)c3cc4c(cc3C2(C(C)C)c2cc3cc5c(cc3cc21)C(C)(C)CCC5(C)C)Oc5cc1c(cc5O4)C(=O)N(c4c(C)cc(-c5cc(C)c(N2C(=O)c3cc(*)c(*)cc3C2=O)c2ccccc52)c2ccccc42)C1(C)C,3.60439206,0.87858855,2.22259032,0.97119157,1.38180174,1.30963007,2.43896993,2.63000271,<rdkit.Chem.rdchem.Mol object at 0x0000024CEF790E40>,6.98670361962994
*Oc1cc2c(cc1O*)C1(C)c3cc4c(cc3C2(C)c2cc3ccccc3cc21)Oc1cc2c(cc1O4)C(=O)N(c4c(C)cc(-c1cc(C)c(N3C(=O)c5cc(*)c(*)cc5C3=O)c3ccccc13)c3ccccc43)C2C(=O)OCCc2cc(C)c(OC)cc2C,3.08072168,1.0079558,1.54574531,1.1126146,1.53497637,1.50129482,2.43855204,2.60183028,<rdkit.Chem.rdchem.Mol object at 0x0000024CEF790EB0>,7.089061212665774
*Oc1cc2c(cc1O*)C1(C(C)C)c3cc4c(cc3C2(C(C)C)c2cc3cc5c(cc3cc21)C(C)(C)CCC5(C)C)Oc5cc1c(cc5O4)C(=O)N(c4c(C)cc(-c5cc(C)c(N2C(=O)c3cc(*)c(*)cc3C2=O)c2ccccc52)c2ccccc42)C1*,3.72577746,0.91928372,2.38017268,1.01583695,1.34560478,1.37003914,2.43837531,2.63584152,<rdkit.Chem.rdchem.Mol object at 0x0000024CEF790F20>,7.246473840883944
*Oc1cc2c(cc1O*)C1(C)c3cc4c(cc3C2(C)c2cc3ccccc3cc21)Oc1cc2c(cc1O4)C(=O)N(c4c(C)cc(-c1cc(C)c(N3C(=O)c5cc(*)c(*)cc5C3=O)c3ccccc13)c3ccccc43)C2C(=O)OCCOCCOCCN(*)C(F)(F)C(F)(F)F,3.16631057,1.04334601,1.65691879,1.1511806,1.50939178,1.55363691,2.43807067,2.60588513,<rdkit.Chem.rdchem.Mol object at 0x0000024CEF790F90>,7.472134984144803
*Oc1cc2c(cc1O*)C1(C(C)C)c3cc4c(cc3C2(C(C)C)c2cc3cc5c(cc3cc21)C(C)(C)CCC5(C)C)Oc5cc1c(cc5O4)C(=O)N(c4c(C)cc(-c5cc(C)c(N2C(=O)c3cc(*)c(*)cc3C2=O)c2ccccc52)c2ccccc42)C(=O)C1CC1C(=O)N(*)C1=O,3.63722952,0.95873232,2.2665267,1.05894131,1.37070283,1.42846923,2.43750225,2.63027541,<rdkit.Chem.rdchem.Mol object at 0x0000024CEF78E040>,7.591939723553307
*Oc1cc2c(cc1O*)C1(C(C)C)c3cc4c(cc3C2(C(C)C)c2cc3cc5c(cc3cc21)C(C)(C)CCC5(C)C)Oc5cc1c(cc5O4)C(=O)N(c4c(C)cc(-c5cc(C)c(N2C(=O)c3cc(*)c(*)cc3C2=O)c2ccccc52)c2ccccc42)C1C=C,3.69984394,0.9463867,2.34754099,1.04546383,1.35230296,1.41019233,2.43746719,2.63355891,<rdkit.Chem.rdchem.Mol object at 0x0000024CEF78E0B0>,7.259204410792427
*Oc1cc2c(cc1O*)C1(C(C)C)c3cc4c(cc3C2(C(C)C)c2cc3cc5c(cc3cc21)C(C)(C)CCC5(C)C)Oc5cc1c(cc5O4)C(=O)N(c4c(C)cc(-c5cc(C)c(N2C(=O)c3cc(*)c(*)cc3C2=O)c2ccccc52)c2ccccc42)CC1C,3.87679615,0.92844533,2.57662256,1.02585405,1.30017359,1.38361383,2.43723791,2.6427081,<rdkit.Chem.rdchem.Mol object at 0x0000024CEF78E120>,7.189306495690939
*Oc1cc2c(cc1O*)C1(C)c3cc4c(cc3C2(C)c2cc3ccccc3cc21)Oc1cc2c(cc1O4)C(=O)N(c4c(C)cc(-c1cc(C)c(N3C(=O)c5cc(*)c(*)cc5C3=O)c3ccccc13)c3ccccc43)C2=C(Cl)C(F)(F)C(F)(F)C(F)F,3.3126692,0.94050799,1.84714812,1.03894967,1.46552108,1.40141775,2.43712696,2.61269843,<rdkit.Chem.rdchem.Mol object at 0x0000024CEF78E190>,6.916885003715096
*Oc1cc2c(cc1O*)C1(C(C)C)c3cc4c(cc3C2(C(C)C)c2cc3cc5c(cc3cc21)C(C)(C)CCC5(C)C)Oc5cc1c(cc5O4)C(=O)N(c4c(C)cc(-c5cc(C)c(N2C(=O)c3cc(*)c(*)cc3C2=O)c2ccccc52)c2ccccc42)C1C,3.76246993,0.91898067,2.42912515,1.01551757,1.33334478,1.36959899,2.43687721,2.63628812,<rdkit.Chem.rdchem.Mol object at 0x0000024CEF78E200>,7.139889225499328
*Oc1cc2c(cc1O*)[C@]1(C)c3cc4c(cc3C2(C)c2cc3ccccc3cc21)Oc1c(C#N)c(*)c(*)c(C#N)c1S4,3.53491071,0.71907507,2.13560856,0.79392432,1.39930215,1.07116049,2.43609146,2.62344173,<rdkit.Chem.rdchem.Mol object at 0x0000024CEF78E270>,6.226766068182507
*Oc1cc2c(cc1O*)C1(C(C)C)c3cc4c(cc3C2(C(C)C)c2cc3cc5c(cc3cc21)C(C)(C)CCC5(C)C)Oc5cc1c(cc5O4)C(=O)N(c4c(C)cc(-c5cc(C)c(N2C(=O)c3cc(*)c(*)cc3C2=O)c2ccccc52)c2ccccc42)C1=O,3.75359572,0.7186212,2.41929438,0.79485588,1.33430134,1.07154669,2.43523096,2.63417153,<rdkit.Chem.rdchem.Mol object at 0x0000024CEF78E2E0>,6.895340432797954
*Oc1cc2c(cc1O*)C1(c3ccccc3-2)c2ccccc2-c2cc3c(cc21)Oc1cc2c(cc1O3)C(=O)N(c3c(C)cc(-c1cc(C)c(N4C(=O)c5cc(*)c(*)cc5C4=O)c4ccccc14)c4ccccc34)C2=O,3.69677402,0.67668845,2.34766372,0.74848905,1.3491103,1.00903078,2.43337412,2.62930314,<rdkit.Chem.rdchem.Mol object at 0x0000024CEF78E350>,5.640291282471431
*Oc1cc2c(cc1O*)C1(C(C)C)c3cc4c(cc3C2(C(C)C)c2cc3cc5c(cc3cc21)C(C)(C)CCC5(C)C)Oc5cc1c(cc5O4)C(=O)N(c4c(C)cc(-c5cc(C)c(N2C(=O)c3cc(*)c(*)cc3C2=O)c2ccccc52)c2ccccc42)CCC1=O,3.58468582,0.91362812,2.20272574,1.00957804,1.38196008,1.36160352,2.43334843,2.62333678,<rdkit.Chem.rdchem.Mol object at 0x0000024CEF78E3C0>,6.974160393915214
*Oc1cc2c(cc1O*)C1(C)c3cc4c(cc3C2(C)c2cc3ccccc3cc21)Oc1cc2c(cc1O4)C(=O)N(c4c(C)cc(-c1cc(C)c(N3C(=O)c5cc(*)c(*)cc5C3=O)c3ccccc13)c3ccccc43)C2C(=O)OCCC(*)Cl,3.08432382,0.97947336,1.55578057,1.08164199,1.52854324,1.4592181,2.43317542,2.59664458,<rdkit.Chem.rdchem.Mol object at 0x0000024CEF78E430>,7.22675916666921
*Oc1cc2c(cc1O*)C1(C)c3cc4c(cc3C2(C)c2cc3ccccc3cc21)Oc1cc2c(cc1O4)C(=O)N(c4c(C)cc(-c1cc(C)c(N3C(=O)c5cc(*)c(*)cc5C3=O)c3ccccc13)c3ccccc43)C(=O)CCN(CCC(F)(F)F)C2=O,3.22892041,0.92814568,1.74287229,1.02554202,1.48604812,1.38318142,2.43309048,2.60422326,<rdkit.Chem.rdchem.Mol object at 0x0000024CEF78E4A0>,7.176410637035794
*Oc1cc2c(cc1O*)C1(C)c3cc4c(cc3C2(C)c2cc3ccccc3cc21)Oc1cc2c(cc1O4)C(=O)N(c4c(C)cc(-c1cc(C)c(N3C(=O)c5cc(*)c(*)cc5C3=O)c3ccccc13)c3ccccc43)C2C(=O)OCC,3.16008527,0.92839645,1.65402023,1.02580649,1.50606504,1.38354578,2.43291805,2.60040257,<rdkit.Chem.rdchem.Mol object at 0x0000024CEF78E510>,6.793878343199068
*Oc1cc2c(cc1O*)C1(C)c3cc4c(cc3C2(C)c2cc3ccccc3cc21)Oc1cc2c(cc1O4)C(=O)N(c4c(C)cc(-c1cc(C)c(N3C(=O)c5cc(*)c(*)cc5C3=O)c3ccccc13)c3ccccc43)C(*)(CC)C2=O,3.20176881,0.88898052,1.70853038,0.98242031,1.49323843,1.32492869,2.43231723,2.60201097,<rdkit.Chem.rdchem.Mol object at 0x0000024CEF78E580>,6.880562032598774
*Oc1cc2c(cc1O*)C1(C)c3cc4c(cc3C2(C)c2cc3ccccc3cc21)Oc1cc2c(cc1O4)C(=O)N(c4c(C)cc(-c1cc(C)c(N3C(=O)c5cc(*)c(*)cc5C3=O)c3ccccc13)c3ccccc43)C2=CC=C2C=CC(C=*)CC2,3.32056015,0.9822383,1.86219689,1.08447087,1.45836326,1.46317092,2.43228355,2.60827324,<rdkit.Chem.rdchem.Mol object at 0x0000024CEF78E5F0>,7.261294499210917
*Oc1cc2c(cc1O*)C1(C)c3cc4c(cc3C2(C)c2cc3ccccc3cc21)Oc1cc2c(cc1O4)C(=O)N(c4c(C)cc(-c1cc(C)c(N3C(=O)c5cc(*)c(*)cc5C3=O)c3ccccc13)c3ccccc43)C2C(=O)Oc2ccc(/N=N/c3ccccc3)cc2,3.12992099,0.98081353,1.61608187,1.08305252,1.51383911,1.46116321,2.43184494,2.59773075,<rdkit.Chem.rdchem.Mol object at 0x0000024CEF78E660>,7.08537082301161
*Oc1cc2c(cc1O*)C1(C)c3cc4c(cc3C2(C)c2cc3ccccc3cc21)Oc1cc2c(cc1O4)C(=O)N(c4c(C)cc(-c1cc(C)c(N3C(=O)c5cc(*)c(*)cc5C3=O)c3ccccc13)c3ccccc43)C(=O)N(*)c3ccccc23,3.35868573,0.83315689,1.91206948,0.92076891,1.44661625,1.24175915,2.43171878,2.60972912,<rdkit.Chem.rdchem.Mol object at 0x0000024CEF78E6D0>,6.746819553966663
*Oc1cc2c(cc1O*)C1(C)c3cc4c(cc3C2(C)c2cc3ccccc3cc21)Oc1cc2c(cc1O4)C(=O)N(c4c(C)cc(-c1cc(C)c(N3C(=O)c5cc(*)c(*)cc5C3=O)c3ccccc13)c3ccccc43)C(=O)CCN(CC)C2=O,3.18288957,0.89313801,1.6848351,0.987055,1.49805447,1.33115479,2.43159598,2.60028913,<rdkit.Chem.rdchem.Mol object at 0x0000024CEF78E740>,7.0010719218451
*Oc1cc2c(cc1O*)C1(C(C)C)c3cc4c(cc3C2(C(C)C)c2cc3cc5c(cc3cc21)C(C)(C)CCC5(C)C)Oc5cc1c(cc5O4)C(=O)N(c4c(C)cc(-c5cc(C)c(N2C(=O)c3cc(*)c(*)cc3C2=O)c2ccccc52)c2ccccc42)[Ca]1,3.62838936,0.90620511,2.26102734,1.00142063,1.36736201,1.35057431,2.43156861,2.62387325,<rdkit.Chem.rdchem.Mol object at 0x0000024CEF78E7B0>,7.125638044491963
*Oc1cc2c(cc1O*)C1(C)c3cc4c(cc3C2(C)c2cc3ccccc3cc21)Oc1cc2c(cc1O4)C(=O)N(c4c(C)cc(-c1cc(C)c(N3C(=O)c5cc(*)c(*)cc5C3=O)c3ccccc13)c3ccccc43)c3ccccc3-c3ccccc3N2c2c(F)c(F)c(F)c(F)c(F)c(Cl)c(*)c(Br)c2C,3.22989212,1.00655707,1.74567137,1.11106792,1.48422075,1.49920948,2.43154811,2.60273239,<rdkit.Chem.rdchem.Mol object at 0x0000024CEF78E820>,7.822118708475023
*Oc1cc2c(cc1O*)C1(C)c3cc4c(cc3C2(C)c2cc3ccccc3cc21)Oc1cc2c(cc1O4)C(=O)N(c4c(C)cc(-c1cc(C)c(N3C(=O)c5cc(*)c(*)cc5C3=O)c3ccccc13)c3ccccc43)C(=O)CCN(C)C(=O)CCCCCCCCCCC(=O)N(*)C2O,3.33396035,0.99198923,1.88040021,1.09517918,1.45356014,1.47765357,2.43141071,2.60811061,<rdkit.Chem.rdchem.Mol object at 0x0000024CEF78E890>,7.768491823773839
*Oc1cc2c(cc1O*)C1(C(C)C)c3cc4c(cc3C2(C(C)C)c2cc3cc5c(cc3cc21)C(C)(C)CCC5(C)C)Oc5cc1c(cc5O4)C(=O)N(c4c(C)cc(-c5cc(C)c(N2C(=O)c3cc(*)c(*)cc3C2=O)c2ccccc52)c2ccccc42)S1=O,3.54851367,0.92346232,2.15796422,1.02033531,1.39054945,1.37617833,2.43132851,2.61939973,<rdkit.Chem.rdchem.Mol object at 0x0000024CEF78E900>,7.279683181543284
*Oc1cc2c(cc1O*)C1(C(C)C)c3cc4c(cc3C2(C(C)C)c2cc3cc5c(cc3cc21)C(C)(C)CCC5(C)C)Oc5cc1c(cc5O4)C(=O)N(c4c(C)cc(-c5cc(C)c(N2C(=O)c3cc(*)c(*)cc3C2=O)c2ccccc52)c2ccccc42)C(C(=O)O)=C1,3.30687737,0.92551033,1.84571763,1.02264999,1.46115973,1.37926878,2.43106686,2.60633136,<rdkit.Chem.rdchem.Mol object at 0x0000024CEF78E970>,7.043100141998886
*Oc1cc2c(cc1O*)C1c3cc4c(cc3C2c2cc3cc5c(cc3cc21)C(C)(C)CCC5(C)C)Oc5cc1c(cc5O4)C(=O)N(c4c(C)cc(-c5cc(C)c(N2C(=O)c3cc(*)c(*)cc3C2=O)c(C)c5)cc4-c4ccccc4)C1=O,3.79147595,0.86557803,2.47279022,0.95714372,1.31868573,1.29048418,2.43072562,2.63167385,<rdkit.Chem.rdchem.Mol object at 0x0000024CEF78E9E0>,6.569258755610956
*Oc1cc2c(cc1O*)C1(C)c3cc4c(cc3C2(C)c2cc3ccccc3cc21)Oc1cc2c(cc1O4)C(=O)N(c4c(C)cc(-c1cc(C)c(N3C(=O)c5cc(*)c(*)cc5C3=O)c3ccccc13)c3ccccc43)C2OCCCCCCCCCC[PH](C)(C)CCSC,3.29203746,1.02921266,1.82695594,1.13567145,1.46508152,1.53265402,2.43063611,2.60511409,<rdkit.Chem.rdchem.Mol object at 0x0000024CEF78EA50>,7.437766038234735
*Oc1cc2c(cc1O*)C1(C)c3cc4c(cc3C2(C)c2cc3ccccc3cc21)Oc1cc2c(cc1O4)C(=O)N(c4c(C)cc(-c1cc(C)c(N3C(=O)c5cc(*)c(*)cc5C3=O)c3ccccc13)c3ccccc43)C(=O)C2(*)CC,3.28454316,0.87729736,1.81730692,0.96964215,1.46723625,1.30761483,2.43059276,2.60467354,<rdkit.Chem.rdchem.Mol object at 0x0000024CEF78EAC0>,6.870381801500845
*Oc1cc2c(cc1O*)C1(C(C)C)c3cc4c(cc3C2(C(C)C)c2cc3cc5c(cc3cc21)C(C)(C)CCC5(C)C)Oc5cc1c(cc5O4)C(=O)N(c4c(C)cc(-c5cc(C)c(N2C(=O)c3cc(*)c(*)cc3C2=O)c2ccccc52)c2ccccc42)C1(c1ccccc1)c1ccccc1,3.4245038,0.9142305,1.99860447,1.01027256,1.42589933,1.36252268,2.43030629,2.611805,<rdkit.Chem.rdchem.Mol object at 0x0000024CEF78EB30>,7.144391343626151
*Oc1cc2c(cc1O*)C1(C)c3cc4c(cc3C2(C)c2cc3ccccc3cc21)Oc1cc2c(cc1O4)C(=O)N(c4c(C)cc(-c1cc(C)c(N3C(=O)c5cc(*)c(*)cc5C3=O)c3ccccc13)c3ccccc43)CS2,3.38430806,0.89229413,1.94735379,0.98599618,1.43695427,1.32980347,2.42957183,2.60894016,<rdkit.Chem.rdchem.Mol object at 0x0000024CEF78EBA0>,6.529189223326168
*Oc1cc2c(cc1O*)C1(C(C)C)c3cc4c(cc3C2(C(C)C)c2cc3cc5c(cc3cc21)C(C)(C)CCC5(C)C)Oc5cc1c(cc5O4)C(=O)N(c4c(C)cc(-c5cc(C)c(N2C(=O)c3cc(*)c(*)cc3C2=O)c2ccccc52)c2ccccc42)C1(c1ccccc1)c1ccc(Br)cc1,3.25845226,0.95137285,1.78460315,1.05112146,1.47384911,1.41773291,2.42955315,2.60225112,<rdkit.Chem.rdchem.Mol object at 0x0000024CEF78EC10>,7.417035144184116
*Oc1cc2c(cc1O*)C1(C)c3cc4c(cc3C2(C)c2cc3ccccc3cc21)Oc1cc2c(cc1O4)C(=O)N(c4c(C)cc(-c1cc(C)c(N3C(=O)c5cc(*)c(*)cc5C3=O)c3ccccc13)c3ccccc43)C(=O)CCN(C)C(=O)C2*,3.33989582,0.94816422,1.89104042,1.04728085,1.4488554,1.4127323,2.42844685,2.60546132,<rdkit.Chem.rdchem.Mol object at 0x0000024CEF78EC80>,7.426988356177242
*Oc1cc2c(cc1O*)C1(c3ccccc3-2)c2ccccc2-c2cc3c(cc21)Oc1cc2c(cc1O3)C(=O)N(c3c(C)cc(-c1cc(C)c(N4C(=O)c5cc(*)c(*)cc5C4=O)c4ccccc14)c4ccccc34)C22CCC(C(C)C)CN(*)CC2,3.60560549,0.98176538,2.23500117,1.08400065,1.37060432,1.46250493,2.42812841,2.6192255,<rdkit.Chem.rdchem.Mol object at 0x0000024CEF78ECF0>,6.970135806030153
*Oc1cc2c(cc1O*)C1(C)c3cc4c(cc3C2(C)c2cc3cc(C)c(C)cc3cc21)Oc1c(C#N)c(*)c(*)c(CN)c1S4,3.76023821,0.8048322,2.43548954,0.88880767,1.32474867,1.19905544,2.42762654,2.62691916,<rdkit.Chem.rdchem.Mol object at 0x0000024CEF78ED60>,6.325804854351734
*Oc1cc2c(cc1O*)C1(C)c3cc4c(cc3C2(C)c2cc3ccccc3cc21)Oc1cc2c(cc1O4)C(=O)N(c4c(C)cc(-c1cc(C)c(N3C(=O)c5cc(*)c(*)cc5C3=O)c3ccccc13)c3ccccc43)C2=C(Cl)C(F)(F)C(F)(F)F,3.32751949,0.89991666,1.87683992,0.99455679,1.45067957,1.34126552,2.42664103,2.60299957,<rdkit.Chem.rdchem.Mol object at 0x0000024CEF78EDD0>,6.788710748296932
*Oc1cc2c(cc1O*)C1(C)c3cc4c(cc3C2(C)c2cc3ccccc3cc21)Oc1cc2c(cc1O4)C(=O)N(c4c(C)cc(-c1cc(C)c(N3C(=O)c5cc(*)c(*)cc5C3=O)c3ccccc13)c3ccccc43)C(=O)C3(Cl)C(*)C(=O)C23,3.40214454,0.93550327,1.97378244,1.03339006,1.42836211,1.39393737,2.4262111,2.60652476,<rdkit.Chem.rdchem.Mol object at 0x0000024CEF78EE40>,7.31757326718747
*Oc1cc2c(cc1O*)C1(C(C)C)c3cc4c(cc3C2(C(C)C)c2cc3cc5c(cc3cc21)C(C)(C)CCC5(C)C)Oc5cc1c(cc5O4)C(=O)N(c4c(C)cc(-c5cc(C)c(N2C(=O)c3cc(*)c(*)cc3C2=O)c2ccccc52)c2ccccc42)[As]1,3.64464994,0.91424271,2.28796495,1.010249,1.35668499,1.36251341,2.42566082,2.61882727,<rdkit.Chem.rdchem.Mol object at 0x0000024CEF78EEB0>,7.111651767568887
*Oc1cc2c(cc1O*)C1(C)c3cc4c(cc3C2(C)c2cc3ccccc3cc21)Oc1cc2c(cc1O4)C(=O)N(c4c(C)cc(-c1cc(C)c(N3C(=O)c5cc(*)c(*)cc5C3=O)c3ccccc13)c3ccccc43)C(=O)C(O)C(C)C2,3.28503266,0.90667336,1.82407085,1.0018141,1.46096181,1.35118025,2.42446189,2.59856862,<rdkit.Chem.rdchem.Mol object at 0x0000024CEF78EF20>,6.948434083438655
*Oc1cc2c(cc1O*)C1(C(C)C)c3cc4c(cc3C2(C(C)C)c2cc3cc5c(cc3cc21)C(C)(C)CCC5(C)C)Oc5cc1c(cc5O4)C(=O)N(c4c(C)cc(-c5cc(C)c(N2C(=O)c3cc(*)c(*)cc3C2=O)c2ccccc52)c2ccccc42)[N+]1,3.59789079,0.91485575,2.22981254,1.01090662,1.36807825,1.36341235,2.42333962,2.61402783,<rdkit.Chem.rdchem.Mol object at 0x0000024CEF78EF90>,7.113319398338118
*Oc1cc2c(cc1O*)C1(C)c3cc4c(cc3C2(C)c2cc3ccccc3cc21)Oc1cc2c(cc1O4)C(=O)N(c4c(C)cc(-c1cc(C)c(N3C(=O)c5cc(*)c(*)cc5C3=O)c3ccccc13)c3ccccc43)C3=CC=C(C3=O)C(C)C2,3.47689004,0.95615321,2.07335261,1.05587411,1.40353743,1.42446449,2.42330927,2.60758445,<rdkit.Chem.rdchem.Mol object at 0x0000024CF12DB040>,7.690481178029758
*Oc1cc2c(cc1O*)C1(C)c3cc4c(cc3C2(C)c2cc3ccccc3cc21)Oc1cc2c(cc1O4)C(=O)N(c4c(C)cc(-c1cc(C)c(N3C(=O)c5cc(*)c(*)cc5C3=O)c3ccccc13)c3ccccc43)CCC=C2,3.31167858,0.92351741,1.86040932,1.0201637,1.45126926,1.37608807,2.42258459,2.59810355,<rdkit.Chem.rdchem.Mol object at 0x0000024CF12DB0B0>,6.580157238273487
*Oc1cc2c(cc1O*)C1(C)c3cc4c(cc3C2(C)c2cc3ccccc3cc21)Oc1cc2c(cc1O4)C(=O)N(c4c(C)cc(-c1cc(C)c(N3C(=O)c5cc(*)c(*)cc5C3=O)c3ccccc13)c3ccccc43)C22CCC(C(C)C)CN(*)CC2C,3.44397524,0.98492404,2.03205792,1.08743106,1.41191732,1.46716791,2.42203526,2.60456595,<rdkit.Chem.rdchem.Mol object at 0x0000024CF12DB120>,7.939780959087286
*Oc1cc2c(cc1O*)C1(C)c3cc4c(cc3C2(C)c2cc3ccccc3cc21)Oc1cc2c(cc1O4)C(=O)N(c4c(C)cc(-c1cc(C)c(N3C(=O)c5cc(*)c(*)cc5C3=O)c3ccccc13)c3ccccc43)C(=O)C2=O,3.43407501,0.73902226,2.01985093,0.81709465,1.41422408,1.10172482,2.42143828,2.60344425,<rdkit.Chem.rdchem.Mol object at 0x0000024CF12DB190>,6.505649217056322
*Oc1cc2c(cc1O*)C1(C)c3cc4c(cc3C2(C)c2cc3ccccc3cc21)Oc1cc2c(cc1O4)C(=O)N(c4c(C)cc(-c1cc(C)c(N3C(=O)c5cc(*)c(*)cc5C3=O)c3ccccc13)c3ccccc43)C2OCCCCCCCCCC[PH](C)(C)CCSCSC,3.38837523,1.05102776,1.96100798,1.15936889,1.42736725,1.5648628,2.4211777,2.60076159,<rdkit.Chem.rdchem.Mol object at 0x0000024CF12DB200>,7.570819723731791
*Oc1cc2c(cc1O*)C1(C)c3cc4c(cc3C2(C)c2cc3ccccc3cc21)Oc1cc2c(cc1O4)C(=O)N(c4c(C)cc(-c1cc(C)c(N3C(=O)c5cc(*)c(*)cc5C3=O)c3ccccc13)c3ccccc43)C2=CC=CC=C,3.30178788,0.90240641,1.84969672,0.99708301,1.45209117,1.34480923,2.42050555,2.59550031,<rdkit.Chem.rdchem.Mol object at 0x0000024CF12DB270>,6.670232958608991
*Oc1cc2c(cc1O*)C1(C)c3cc4c(cc3C2(C)c2cc3ccccc3cc21)Oc1cc2c(cc1O4)C(=O)N(c4c(C)cc(-c1cc(C)c(N3C(=O)c5cc(*)c(*)cc5C3=O)c3ccccc13)c3ccccc43)C2=CC=C2C=CC(C=*)C2,3.33260658,0.96825018,1.88957524,1.06917724,1.44303134,1.44244528,2.42048485,2.597113,<rdkit.Chem.rdchem.Mol object at 0x0000024CF12DB2E0>,7.2250628014972476
*Oc1cc2c(cc1O*)C1(C)c3cc4c(cc3C2(C)c2cc3ccccc3cc21)Oc1cc2c(cc1O4)C(=O)N(c4c(C)cc(-c1cc(C)c(N3C(=O)c5cc(*)c(*)cc5C3=O)c3ccccc13)c3ccccc43)CO2,3.31202134,0.86714794,1.86317201,0.95848024,1.44884933,1.2925285,2.42026519,2.59580232,<rdkit.Chem.rdchem.Mol object at 0x0000024CF12DB350>,6.462869807491529
*Oc1cc2c(cc1O*)C1(C(C)C)c3cc4c(cc3C2(C(C)C)c2cc3ccccc3cc21)Oc1cc2c(cc1O4)C(=O)N(c4c(C)cc(-c1cc(C)c(N3C(=O)c5cc(*)c(*)cc5C3=O)c3ccccc13)c3ccccc43)C2=O,3.44585579,0.70063441,2.037675,0.77480449,1.40818079,1.04461025,2.4188503,2.60148065,<rdkit.Chem.rdchem.Mol object at 0x0000024CF12DB3C0>,6.54716030516733
*Oc1cc2c(cc1O*)C1(c3ccccc3-c3cc4c(cc31)Oc1c(C#N)c(*)c(*)c(C#N)c1O4)c4cc(C#C)ccc24,3.74223524,0.65298187,2.42149296,0.72075748,1.32074229,0.97256192,2.41833988,2.61667835,<rdkit.Chem.rdchem.Mol object at 0x0000024CF12DB430>,5.393199454474097
*Oc1cc2c(cc1O*)C1c3cc4c(cc3C2c2cc3cc5c(cc3cc21)C(C)(C)CCC5(C)C)Oc5cc1c(cc5O4)C(=O)N(c4c(C)cc(-c5cc(C)c(N2C(=O)c3cc(*)c(*)cc3C2=O)c(C)c5)cc4C(C)C)C1=O,3.93085117,0.87957016,2.66545426,0.97272463,1.2653969,1.31142551,2.41831555,2.62665066,<rdkit.Chem.rdchem.Mol object at 0x0000024CF12DB4A0>,6.602565755542673
*Oc1cc2c(cc1O*)C1c3cc4c(cc3C2c2cc3cc5c(cc3cc21)C(C)(C)CCC5(C)C)Oc5cc1c(cc5O4)C(=O)N(c4c(C)cc(-c5cc(C)c(N2C(=O)c3cc(*)c(*)cc3C2=O)c(C)c5)cc4Br)C1=O,3.7892052,0.87402432,2.48343769,0.96637646,1.30576751,1.3029973,2.4171414,2.61796927,<rdkit.Chem.rdchem.Mol object at 0x0000024CF12DB510>,6.5528066792030755
*Oc1cc2c(cc1O*)C1(c3ccc(C)cc3-2)c2cc(C)ccc2-c2cc3oc4cc5c(=O)n(-c6c(C)cc(-c7cc(C)c(N8C(=O)c9cc(*)c(*)cc9C8=O)c8ccccc78)c8ccccc68)c(=O)c5cc4oc3cc21,3.65181302,0.76550167,2.3058879,0.84650289,1.34592512,1.14129748,2.41700188,2.61054797,<rdkit.Chem.rdchem.Mol object at 0x0000024CF12DB580>,5.776111730605937
*Oc1cc2c(cc1O*)C1c3ccccc3C2c2cc3c(cc21)Oc1cc2c(cc1O3)C(=O)N(c3c(C)cc(-c1cc(C)c(N4C(=O)c5cc(*)c(*)cc5C4=O)c4ccccc14)c4ccccc34)C2=O,3.68815662,0.71217348,2.35319269,0.78766712,1.33496393,1.06189009,2.41670027,2.61217257,<rdkit.Chem.rdchem.Mol object at 0x0000024CF12DB5F0>,6.0978042152270975
*Oc1cc2c(cc1O*)C1(C(C)C)c3ccccc3C2(C(C)C)c2cc3c(cc21)Oc1c(C#N)c(*)c(*)c(CN)c1O3,3.7955871,0.69614068,2.49282044,0.77065266,1.30276666,1.03851691,2.41601236,2.61717848,<rdkit.Chem.rdchem.Mol object at 0x0000024CF12DB660>,6.3108717875820926
*Oc1cc2c(cc1O*)C1(C(C)C)c3cc4c(cc3C2(C(C)C)c2cc3cc5c(cc3cc21)C(C)(C)CCC5(C)C)Oc5cc1c(cc5O4)C(=O)N(c4c(C)cc(-c5cc(C)c(N2C(=O)c3cc(*)c(*)cc3C2=O)c2ccccc52)c2ccccc42)C(=O)C1(*)CO,3.49504346,0.9256405,2.10426063,1.02281524,1.39078283,1.37947865,2.41587908,2.60111638,<rdkit.Chem.rdchem.Mol object at 0x0000024CF12DB6D0>,7.390056832503153
*Oc1cc2c(cc1O*)C1(c3ccccc3-2)c2ccccc2-c2cc3c(cc21)Oc1cc2c(cc1O3)C(=O)N(c3c(C)c(C)c(N1C(=O)c4cc(*)c(*)cc4C1=O)c(C(C)(C)C)c3)C2,3.46353553,0.91722092,2.06367075,1.01353489,1.39986477,1.36694813,2.41571974,2.59928713,<rdkit.Chem.rdchem.Mol object at 0x0000024CF12DB740>,5.622410024523943
*Oc1cc2c(cc1O*)C1(C(C)C)c3cc4c(cc3C2(C(C)C)c2cc3cc5c(cc3cc21)C(C)(C)CCC5(C)C)Oc5cc1c(cc5O4)C(=O)N(c4c(C)cc(-c5cc(C)c(N2C(=O)c3cc(*)c(*)cc3C2=O)c2ccccc52)c2ccccc42)[SH]1=O,3.52055126,0.92294432,2.13995108,1.0197759,1.38060017,1.37541598,2.41317786,2.59976708,<rdkit.Chem.rdchem.Mol object at 0x0000024CF12DB7B0>,7.341605159565262
*Oc1cc2c(cc1O*)C1(C(C)C)c3cc4c(cc3C2(C(C)C)c2cc3cc5c(cc3cc21)C(C)(C)CCC5(C)C)Oc5cc1c(cc5O4)C(=O)N(c4c(C)cc(-c5cc(C)c(N2C(=O)c3cc(*)c(*)cc3C2=O)c2ccccc52)c2ccccc42)[SH]1C,3.51378009,0.9234047,2.13162304,1.02027957,1.38215705,1.37609834,2.41274875,2.59897909,<rdkit.Chem.rdchem.Mol object at 0x0000024CF12DB820>,7.34638757714768
*Oc1cc2c(cc1O*)C1(c3cc(C)ccc3-2)c2cc(C)ccc2-c2cc3c(cc21)Oc1cc2c(cc1O3)C(=O)N(c3c(C)cc(-c1cc(C)c(N4C(=O)c5cc(*)c(*)cc5C4=O)c4ccccc14)c4ccccc34)C2=O,3.56610476,0.72911353,2.19941171,0.8063232,1.36669304,1.08708953,2.41263157,2.60163512,<rdkit.Chem.rdchem.Mol object at 0x0000024CF12DB890>,5.737491894979976
*Oc1cc2c(cc1O*)C1(C(C)C)c3cc4c(cc3C2(C(C)C)c2cc3cc5c(cc3cc21)C(C)(C)CCC5(C)C)Oc5cc1c(cc5O4)C(=O)N(c4c(C)cc(-c5cc(C)c(N2C(=O)c3cc(*)c(*)cc3C2=O)c2ccccc52)c2ccccc42)CC1*,3.6302902,0.92905093,2.2832609,1.02651303,1.34702931,1.38450881,2.41179342,2.6041988,<rdkit.Chem.rdchem.Mol object at 0x0000024CF12DB900>,7.308831925555193
*Oc1cc2c(cc1O*)C1(C(C)C)c3cc4c(cc3C2(C(C)C)c2cc3cc5c(cc3cc21)C(C)(C)CCC5(C)C)Oc5cc1c(cc5O4)C(=O)N(c4c(C)cc(-c5cc(C)c(N2C(=O)c3cc(*)c(*)cc3C2=O)c2ccccc52)c2ccccc42)C1C(*)SO,3.57035482,0.96905696,2.20701259,1.07023185,1.36334223,1.44376854,2.4105273,2.5997561,<rdkit.Chem.rdchem.Mol object at 0x0000024CF12DB970>,7.600103520371535
*Oc1cc2c(cc1O*)C1(C)c3cc4c(cc3C2(C)c2cc3cc5c(cc3cc21)C(C)(C)CCC5(C)C)Oc5c(C#N)c(*)c(*)c(C#N)c5S4,3.96215632,0.71894258,2.72040407,0.79378645,1.24175225,1.07096936,2.40385269,2.61384698,<rdkit.Chem.rdchem.Mol object at 0x0000024CF12DB9E0>,6.456300683140439
*Oc1cc2c(cc1O*)C1(C)c3cc4c(cc3C2(C)c2cc3cc5c(cc3cc21)C(C)(C)CCC5(C)C)Oc5c(C#N)c(*)c(*)c(CN)c5S4,3.92906925,0.78641677,2.67940113,0.868633,1.24966812,1.17174,2.40206413,2.6103048,<rdkit.Chem.rdchem.Mol object at 0x0000024CF12DBA50>,6.460179529294285
*Oc1cc2c(cc1O*)C1(C)c3cc4c(cc3C2(C)c2cc3cc(C(F)(F)F)cc(C(F)(F)F)c3cc21)Oc1c(C#N)c(*)c(*)c(C#N)c1S4,3.99316914,0.72850715,2.76252395,0.80421744,1.23064519,1.08512136,2.4018417,2.61347966,<rdkit.Chem.rdchem.Mol object at 0x0000024CF12DBAC0>,6.410542232436214
*Oc1cc2c(cc1O*)C1c3cc4c(cc3C2c2cc3cc5c(cc3cc21)C(C)(C)CCC5(C)C)Oc5cc1c(cc5O4)C(=O)N(c4c(C)cc(C)c(N5C(=O)c2cc(*)c(*)cc2C5=O)c4C)C1=O,3.95132705,0.8181802,2.70965269,0.90491262,1.24167436,1.21995315,2.40059858,2.61001891,<rdkit.Chem.rdchem.Mol object at 0x0000024CF12DBB30>,6.436058907654301
*c1c(C)cc(-c2cc(C)c(N3C(=O)c4cc5c(cc4C3=O)C3(C)CCC5(C)c5cc4c(cc53)C(=O)N(*)C4=O)c4ccccc24)c4ccccc14,3.75486473,0.47082899,2.45742243,0.51753817,1.2974423,0.69966112,2.39874413,2.59775196,<rdkit.Chem.rdchem.Mol object at 0x0000024CF12DBBA0>,5.330266648594085
*Oc1cc2c(cc1O*)C1(C)c3cc4c(cc3C2(C)c2cc3cc(C(F)(F)F)cc(C(F)(F)F)c3cc21)Oc1c(C#N)c(*)c(*)c(CN)c1S4,3.94045789,0.8023579,2.70174676,0.88622275,1.23871113,1.19547855,2.39444743,2.6032917,<rdkit.Chem.rdchem.Mol object at 0x0000024CF12DBC10>,6.4144757102260295
